symbol,name,exchange,date,type,region,currency,isEnabled
BTCUSD,Bitcoin to USD,,04/23/2021,crypto,US,USD,TRUE
ETHUSD,Ethereum to USD,,04/23/2021,crypto,US,USD,TRUE
ETHBTC,Ethereum to Bitcoin,,04/23/2021,crypto,US,BTC,TRUE
ZECUSD,Zcash to USD,,04/23/2021,crypto,US,USD,TRUE
ZECBTC,Zcash to Bitcoin,,04/23/2021,crypto,US,BTC,TRUE
ZECETH,Zcash to Ethereum,,04/23/2021,crypto,US,ETH,TRUE
ZECBCH,Zcash to Bitcoin Cash,,04/23/2021,crypto,US,BCH,TRUE
ZECLTC,Zcash to Litecoin,,04/23/2021,crypto,US,LTC,TRUE
BCHUSD,Bitcoin Cash to USD,,04/23/2021,crypto,US,USD,TRUE
BCHBTC,Bitcoin Cash to Bitcoin,,04/23/2021,crypto,US,BTC,TRUE
BCHETH,Bitcoin Cash to Ethereum,,04/23/2021,crypto,US,ETH,TRUE
LTCUSD,Litecoin to USD,,04/23/2021,crypto,US,USD,TRUE
LTCBTC,Litecoin to Bitcoin,,04/23/2021,crypto,US,BTC,TRUE
LTCETH,Litecoin to Ethereum,,04/23/2021,crypto,US,ETH,TRUE
LTCBCH,Litecoin to Bitcoin Cash,,04/23/2021,crypto,US,BCH,TRUE
BNBBTC,BNB to BTC,,04/23/2021,crypto,US,BTC,TRUE
NEOBTC,NEO to BTC,,04/23/2021,crypto,US,BTC,TRUE
QTUMETH,QTUM to ETH,,04/23/2021,crypto,US,ETH,TRUE
EOSETH,EOS to ETH,,04/23/2021,crypto,US,ETH,TRUE
SNTETH,SNT to ETH,,04/23/2021,crypto,US,ETH,TRUE
BNTETH,BNT to ETH,,04/23/2021,crypto,US,ETH,TRUE
BCCBTC,BCC to BTC,,04/23/2021,crypto,US,BTC,TRUE
GASBTC,GAS to BTC,,04/23/2021,crypto,US,BTC,TRUE
BNBETH,BNB to ETH,,04/23/2021,crypto,US,ETH,TRUE
BTCUSDT,BTC to USDT,,04/23/2021,crypto,US,USDT,TRUE
ETHUSDT,ETH to USDT,,04/23/2021,crypto,US,USDT,TRUE
HSRBTC,HSR to BTC,,04/23/2021,crypto,US,BTC,TRUE
OAXETH,OAX to ETH,,04/23/2021,crypto,US,ETH,TRUE
DNTETH,DNT to ETH,,04/23/2021,crypto,US,ETH,TRUE
MCOETH,MCO to ETH,,04/23/2021,crypto,US,ETH,TRUE
ICNETH,ICN to ETH,,04/23/2021,crypto,US,ETH,TRUE
MCOBTC,MCO to BTC,,04/23/2021,crypto,US,BTC,TRUE
WTCBTC,WTC to BTC,,04/23/2021,crypto,US,BTC,TRUE
WTCETH,WTC to ETH,,04/23/2021,crypto,US,ETH,TRUE
LRCBTC,LRC to BTC,,04/23/2021,crypto,US,BTC,TRUE
LRCETH,LRC to ETH,,04/23/2021,crypto,US,ETH,TRUE
QTUMBTC,QTUM to BTC,,04/23/2021,crypto,US,BTC,TRUE
YOYOBTC,YOYO to BTC,,04/23/2021,crypto,US,BTC,TRUE
OMGBTC,OMG to BTC,,04/23/2021,crypto,US,BTC,TRUE
OMGETH,OMG to ETH,,04/23/2021,crypto,US,ETH,TRUE
ZRXBTC,ZRX to BTC,,04/23/2021,crypto,US,BTC,TRUE
ZRXETH,ZRX to ETH,,04/23/2021,crypto,US,ETH,TRUE
STRATBTC,STRAT to BTC,,04/23/2021,crypto,US,BTC,TRUE
STRATETH,STRAT to ETH,,04/23/2021,crypto,US,ETH,TRUE
SNGLSBTC,SNGLS to BTC,,04/23/2021,crypto,US,BTC,TRUE
SNGLSETH,SNGLS to ETH,,04/23/2021,crypto,US,ETH,TRUE
BQXBTC,BQX to BTC,,04/23/2021,crypto,US,BTC,TRUE
BQXETH,BQX to ETH,,04/23/2021,crypto,US,ETH,TRUE
KNCBTC,KNC to BTC,,04/23/2021,crypto,US,BTC,TRUE
KNCETH,KNC to ETH,,04/23/2021,crypto,US,ETH,TRUE
FUNBTC,FUN to BTC,,04/23/2021,crypto,US,BTC,TRUE
FUNETH,FUN to ETH,,04/23/2021,crypto,US,ETH,TRUE
SNMBTC,SNM to BTC,,04/23/2021,crypto,US,BTC,TRUE
SNMETH,SNM to ETH,,04/23/2021,crypto,US,ETH,TRUE
NEOETH,NEO to ETH,,04/23/2021,crypto,US,ETH,TRUE
IOTABTC,IOTA to BTC,,04/23/2021,crypto,US,BTC,TRUE
IOTAETH,IOTA to ETH,,04/23/2021,crypto,US,ETH,TRUE
LINKBTC,LINK to BTC,,04/23/2021,crypto,US,BTC,TRUE
LINKETH,LINK to ETH,,04/23/2021,crypto,US,ETH,TRUE
XVGBTC,XVG to BTC,,04/23/2021,crypto,US,BTC,TRUE
XVGETH,XVG to ETH,,04/23/2021,crypto,US,ETH,TRUE
SALTBTC,SALT to BTC,,04/23/2021,crypto,US,BTC,TRUE
SALTETH,SALT to ETH,,04/23/2021,crypto,US,ETH,TRUE
MDABTC,MDA to BTC,,04/23/2021,crypto,US,BTC,TRUE
MDAETH,MDA to ETH,,04/23/2021,crypto,US,ETH,TRUE
MTLBTC,MTL to BTC,,04/23/2021,crypto,US,BTC,TRUE
MTLETH,MTL to ETH,,04/23/2021,crypto,US,ETH,TRUE
SUBBTC,SUB to BTC,,04/23/2021,crypto,US,BTC,TRUE
SUBETH,SUB to ETH,,04/23/2021,crypto,US,ETH,TRUE
EOSBTC,EOS to BTC,,04/23/2021,crypto,US,BTC,TRUE
SNTBTC,SNT to BTC,,04/23/2021,crypto,US,BTC,TRUE
ETCETH,ETC to ETH,,04/23/2021,crypto,US,ETH,TRUE
ETCBTC,ETC to BTC,,04/23/2021,crypto,US,BTC,TRUE
MTHBTC,MTH to BTC,,04/23/2021,crypto,US,BTC,TRUE
MTHETH,MTH to ETH,,04/23/2021,crypto,US,ETH,TRUE
ENGBTC,ENG to BTC,,04/23/2021,crypto,US,BTC,TRUE
ENGETH,ENG to ETH,,04/23/2021,crypto,US,ETH,TRUE
DNTBTC,DNT to BTC,,04/23/2021,crypto,US,BTC,TRUE
BNTBTC,BNT to BTC,,04/23/2021,crypto,US,BTC,TRUE
ASTBTC,AST to BTC,,04/23/2021,crypto,US,BTC,TRUE
ASTETH,AST to ETH,,04/23/2021,crypto,US,ETH,TRUE
DASHBTC,DASH to BTC,,04/23/2021,crypto,US,BTC,TRUE
DASHETH,DASH to ETH,,04/23/2021,crypto,US,ETH,TRUE
OAXBTC,OAX to BTC,,04/23/2021,crypto,US,BTC,TRUE
ICNBTC,ICN to BTC,,04/23/2021,crypto,US,BTC,TRUE
BTGBTC,BTG to BTC,,04/23/2021,crypto,US,BTC,TRUE
BTGETH,BTG to ETH,,04/23/2021,crypto,US,ETH,TRUE
EVXBTC,EVX to BTC,,04/23/2021,crypto,US,BTC,TRUE
EVXETH,EVX to ETH,,04/23/2021,crypto,US,ETH,TRUE
REQBTC,REQ to BTC,,04/23/2021,crypto,US,BTC,TRUE
REQETH,REQ to ETH,,04/23/2021,crypto,US,ETH,TRUE
VIBBTC,VIB to BTC,,04/23/2021,crypto,US,BTC,TRUE
VIBETH,VIB to ETH,,04/23/2021,crypto,US,ETH,TRUE
HSRETH,HSR to ETH,,04/23/2021,crypto,US,ETH,TRUE
TRXBTC,TRX to BTC,,04/23/2021,crypto,US,BTC,TRUE
TRXETH,TRX to ETH,,04/23/2021,crypto,US,ETH,TRUE
POWRBTC,POWR to BTC,,04/23/2021,crypto,US,BTC,TRUE
POWRETH,POWR to ETH,,04/23/2021,crypto,US,ETH,TRUE
ARKBTC,ARK to BTC,,04/23/2021,crypto,US,BTC,TRUE
ARKETH,ARK to ETH,,04/23/2021,crypto,US,ETH,TRUE
YOYOETH,YOYO to ETH,,04/23/2021,crypto,US,ETH,TRUE
XRPBTC,XRP to BTC,,04/23/2021,crypto,US,BTC,TRUE
XRPETH,XRP to ETH,,04/23/2021,crypto,US,ETH,TRUE
MODBTC,MOD to BTC,,04/23/2021,crypto,US,BTC,TRUE
MODETH,MOD to ETH,,04/23/2021,crypto,US,ETH,TRUE
ENJBTC,ENJ to BTC,,04/23/2021,crypto,US,BTC,TRUE
ENJETH,ENJ to ETH,,04/23/2021,crypto,US,ETH,TRUE
STORJBTC,STORJ to BTC,,04/23/2021,crypto,US,BTC,TRUE
STORJETH,STORJ to ETH,,04/23/2021,crypto,US,ETH,TRUE
BNBUSDT,BNB to USDT,,04/23/2021,crypto,US,USDT,TRUE
VENBNB,VEN to BNB,,04/23/2021,crypto,US,BNB,TRUE
YOYOBNB,YOYO to BNB,,04/23/2021,crypto,US,BNB,TRUE
POWRBNB,POWR to BNB,,04/23/2021,crypto,US,BNB,TRUE
VENBTC,VEN to BTC,,04/23/2021,crypto,US,BTC,TRUE
VENETH,VEN to ETH,,04/23/2021,crypto,US,ETH,TRUE
KMDBTC,KMD to BTC,,04/23/2021,crypto,US,BTC,TRUE
KMDETH,KMD to ETH,,04/23/2021,crypto,US,ETH,TRUE
NULSBNB,NULS to BNB,,04/23/2021,crypto,US,BNB,TRUE
RCNBTC,RCN to BTC,,04/23/2021,crypto,US,BTC,TRUE
RCNETH,RCN to ETH,,04/23/2021,crypto,US,ETH,TRUE
RCNBNB,RCN to BNB,,04/23/2021,crypto,US,BNB,TRUE
NULSBTC,NULS to BTC,,04/23/2021,crypto,US,BTC,TRUE
NULSETH,NULS to ETH,,04/23/2021,crypto,US,ETH,TRUE
RDNBTC,RDN to BTC,,04/23/2021,crypto,US,BTC,TRUE
RDNETH,RDN to ETH,,04/23/2021,crypto,US,ETH,TRUE
RDNBNB,RDN to BNB,,04/23/2021,crypto,US,BNB,TRUE
XMRBTC,XMR to BTC,,04/23/2021,crypto,US,BTC,TRUE
XMRETH,XMR to ETH,,04/23/2021,crypto,US,ETH,TRUE
DLTBNB,DLT to BNB,,04/23/2021,crypto,US,BNB,TRUE
WTCBNB,WTC to BNB,,04/23/2021,crypto,US,BNB,TRUE
DLTBTC,DLT to BTC,,04/23/2021,crypto,US,BTC,TRUE
DLTETH,DLT to ETH,,04/23/2021,crypto,US,ETH,TRUE
AMBBTC,AMB to BTC,,04/23/2021,crypto,US,BTC,TRUE
AMBETH,AMB to ETH,,04/23/2021,crypto,US,ETH,TRUE
AMBBNB,AMB to BNB,,04/23/2021,crypto,US,BNB,TRUE
BCCETH,BCC to ETH,,04/23/2021,crypto,US,ETH,TRUE
BCCUSDT,BCC to USDT,,04/23/2021,crypto,US,USDT,TRUE
BCCBNB,BCC to BNB,,04/23/2021,crypto,US,BNB,TRUE
BATBTC,BAT to BTC,,04/23/2021,crypto,US,BTC,TRUE
BATETH,BAT to ETH,,04/23/2021,crypto,US,ETH,TRUE
BATBNB,BAT to BNB,,04/23/2021,crypto,US,BNB,TRUE
BCPTBTC,BCPT to BTC,,04/23/2021,crypto,US,BTC,TRUE
BCPTETH,BCPT to ETH,,04/23/2021,crypto,US,ETH,TRUE
BCPTBNB,BCPT to BNB,,04/23/2021,crypto,US,BNB,TRUE
ARNBTC,ARN to BTC,,04/23/2021,crypto,US,BTC,TRUE
ARNETH,ARN to ETH,,04/23/2021,crypto,US,ETH,TRUE
GVTBTC,GVT to BTC,,04/23/2021,crypto,US,BTC,TRUE
GVTETH,GVT to ETH,,04/23/2021,crypto,US,ETH,TRUE
CDTBTC,CDT to BTC,,04/23/2021,crypto,US,BTC,TRUE
CDTETH,CDT to ETH,,04/23/2021,crypto,US,ETH,TRUE
GXSBTC,GXS to BTC,,04/23/2021,crypto,US,BTC,TRUE
GXSETH,GXS to ETH,,04/23/2021,crypto,US,ETH,TRUE
NEOUSDT,NEO to USDT,,04/23/2021,crypto,US,USDT,TRUE
NEOBNB,NEO to BNB,,04/23/2021,crypto,US,BNB,TRUE
POEBTC,POE to BTC,,04/23/2021,crypto,US,BTC,TRUE
POEETH,POE to ETH,,04/23/2021,crypto,US,ETH,TRUE
QSPBTC,QSP to BTC,,04/23/2021,crypto,US,BTC,TRUE
QSPETH,QSP to ETH,,04/23/2021,crypto,US,ETH,TRUE
QSPBNB,QSP to BNB,,04/23/2021,crypto,US,BNB,TRUE
BTSBTC,BTS to BTC,,04/23/2021,crypto,US,BTC,TRUE
BTSETH,BTS to ETH,,04/23/2021,crypto,US,ETH,TRUE
BTSBNB,BTS to BNB,,04/23/2021,crypto,US,BNB,TRUE
XZCBTC,XZC to BTC,,04/23/2021,crypto,US,BTC,TRUE
XZCETH,XZC to ETH,,04/23/2021,crypto,US,ETH,TRUE
XZCBNB,XZC to BNB,,04/23/2021,crypto,US,BNB,TRUE
LSKBTC,LSK to BTC,,04/23/2021,crypto,US,BTC,TRUE
LSKETH,LSK to ETH,,04/23/2021,crypto,US,ETH,TRUE
LSKBNB,LSK to BNB,,04/23/2021,crypto,US,BNB,TRUE
TNTBTC,TNT to BTC,,04/23/2021,crypto,US,BTC,TRUE
TNTETH,TNT to ETH,,04/23/2021,crypto,US,ETH,TRUE
FUELBTC,FUEL to BTC,,04/23/2021,crypto,US,BTC,TRUE
FUELETH,FUEL to ETH,,04/23/2021,crypto,US,ETH,TRUE
MANABTC,MANA to BTC,,04/23/2021,crypto,US,BTC,TRUE
MANAETH,MANA to ETH,,04/23/2021,crypto,US,ETH,TRUE
BCDBTC,BCD to BTC,,04/23/2021,crypto,US,BTC,TRUE
BCDETH,BCD to ETH,,04/23/2021,crypto,US,ETH,TRUE
DGDBTC,DGD to BTC,,04/23/2021,crypto,US,BTC,TRUE
DGDETH,DGD to ETH,,04/23/2021,crypto,US,ETH,TRUE
IOTABNB,IOTA to BNB,,04/23/2021,crypto,US,BNB,TRUE
ADXBTC,ADX to BTC,,04/23/2021,crypto,US,BTC,TRUE
ADXETH,ADX to ETH,,04/23/2021,crypto,US,ETH,TRUE
ADXBNB,ADX to BNB,,04/23/2021,crypto,US,BNB,TRUE
ADABTC,ADA to BTC,,04/23/2021,crypto,US,BTC,TRUE
ADAETH,ADA to ETH,,04/23/2021,crypto,US,ETH,TRUE
PPTBTC,PPT to BTC,,04/23/2021,crypto,US,BTC,TRUE
PPTETH,PPT to ETH,,04/23/2021,crypto,US,ETH,TRUE
CMTBTC,CMT to BTC,,04/23/2021,crypto,US,BTC,TRUE
CMTETH,CMT to ETH,,04/23/2021,crypto,US,ETH,TRUE
CMTBNB,CMT to BNB,,04/23/2021,crypto,US,BNB,TRUE
XLMBTC,XLM to BTC,,04/23/2021,crypto,US,BTC,TRUE
XLMETH,XLM to ETH,,04/23/2021,crypto,US,ETH,TRUE
XLMBNB,XLM to BNB,,04/23/2021,crypto,US,BNB,TRUE
CNDBTC,CND to BTC,,04/23/2021,crypto,US,BTC,TRUE
CNDETH,CND to ETH,,04/23/2021,crypto,US,ETH,TRUE
CNDBNB,CND to BNB,,04/23/2021,crypto,US,BNB,TRUE
LENDBTC,LEND to BTC,,04/23/2021,crypto,US,BTC,TRUE
LENDETH,LEND to ETH,,04/23/2021,crypto,US,ETH,TRUE
WABIBTC,WABI to BTC,,04/23/2021,crypto,US,BTC,TRUE
WABIETH,WABI to ETH,,04/23/2021,crypto,US,ETH,TRUE
WABIBNB,WABI to BNB,,04/23/2021,crypto,US,BNB,TRUE
LTCUSDT,LTC to USDT,,04/23/2021,crypto,US,USDT,TRUE
LTCBNB,LTC to BNB,,04/23/2021,crypto,US,BNB,TRUE
TNBBTC,TNB to BTC,,04/23/2021,crypto,US,BTC,TRUE
TNBETH,TNB to ETH,,04/23/2021,crypto,US,ETH,TRUE
WAVESBTC,WAVES to BTC,,04/23/2021,crypto,US,BTC,TRUE
WAVESETH,WAVES to ETH,,04/23/2021,crypto,US,ETH,TRUE
WAVESBNB,WAVES to BNB,,04/23/2021,crypto,US,BNB,TRUE
GTOBTC,GTO to BTC,,04/23/2021,crypto,US,BTC,TRUE
GTOETH,GTO to ETH,,04/23/2021,crypto,US,ETH,TRUE
GTOBNB,GTO to BNB,,04/23/2021,crypto,US,BNB,TRUE
ICXBTC,ICX to BTC,,04/23/2021,crypto,US,BTC,TRUE
ICXETH,ICX to ETH,,04/23/2021,crypto,US,ETH,TRUE
ICXBNB,ICX to BNB,,04/23/2021,crypto,US,BNB,TRUE
OSTBTC,OST to BTC,,04/23/2021,crypto,US,BTC,TRUE
OSTETH,OST to ETH,,04/23/2021,crypto,US,ETH,TRUE
OSTBNB,OST to BNB,,04/23/2021,crypto,US,BNB,TRUE
ELFBTC,ELF to BTC,,04/23/2021,crypto,US,BTC,TRUE
ELFETH,ELF to ETH,,04/23/2021,crypto,US,ETH,TRUE
AIONBTC,AION to BTC,,04/23/2021,crypto,US,BTC,TRUE
AIONETH,AION to ETH,,04/23/2021,crypto,US,ETH,TRUE
AIONBNB,AION to BNB,,04/23/2021,crypto,US,BNB,TRUE
NEBLBTC,NEBL to BTC,,04/23/2021,crypto,US,BTC,TRUE
NEBLETH,NEBL to ETH,,04/23/2021,crypto,US,ETH,TRUE
NEBLBNB,NEBL to BNB,,04/23/2021,crypto,US,BNB,TRUE
BRDBTC,BRD to BTC,,04/23/2021,crypto,US,BTC,TRUE
BRDETH,BRD to ETH,,04/23/2021,crypto,US,ETH,TRUE
BRDBNB,BRD to BNB,,04/23/2021,crypto,US,BNB,TRUE
MCOBNB,MCO to BNB,,04/23/2021,crypto,US,BNB,TRUE
EDOBTC,EDO to BTC,,04/23/2021,crypto,US,BTC,TRUE
EDOETH,EDO to ETH,,04/23/2021,crypto,US,ETH,TRUE
WINGSBTC,WINGS to BTC,,04/23/2021,crypto,US,BTC,TRUE
WINGSETH,WINGS to ETH,,04/23/2021,crypto,US,ETH,TRUE
NAVBTC,NAV to BTC,,04/23/2021,crypto,US,BTC,TRUE
NAVETH,NAV to ETH,,04/23/2021,crypto,US,ETH,TRUE
NAVBNB,NAV to BNB,,04/23/2021,crypto,US,BNB,TRUE
LUNBTC,LUN to BTC,,04/23/2021,crypto,US,BTC,TRUE
LUNETH,LUN to ETH,,04/23/2021,crypto,US,ETH,TRUE
TRIGBTC,TRIG to BTC,,04/23/2021,crypto,US,BTC,TRUE
TRIGETH,TRIG to ETH,,04/23/2021,crypto,US,ETH,TRUE
TRIGBNB,TRIG to BNB,,04/23/2021,crypto,US,BNB,TRUE
APPCBTC,APPC to BTC,,04/23/2021,crypto,US,BTC,TRUE
APPCETH,APPC to ETH,,04/23/2021,crypto,US,ETH,TRUE
APPCBNB,APPC to BNB,,04/23/2021,crypto,US,BNB,TRUE
VIBEBTC,VIBE to BTC,,04/23/2021,crypto,US,BTC,TRUE
VIBEETH,VIBE to ETH,,04/23/2021,crypto,US,ETH,TRUE
RLCBTC,RLC to BTC,,04/23/2021,crypto,US,BTC,TRUE
RLCETH,RLC to ETH,,04/23/2021,crypto,US,ETH,TRUE
RLCBNB,RLC to BNB,,04/23/2021,crypto,US,BNB,TRUE
INSBTC,INS to BTC,,04/23/2021,crypto,US,BTC,TRUE
INSETH,INS to ETH,,04/23/2021,crypto,US,ETH,TRUE
PIVXBTC,PIVX to BTC,,04/23/2021,crypto,US,BTC,TRUE
PIVXETH,PIVX to ETH,,04/23/2021,crypto,US,ETH,TRUE
PIVXBNB,PIVX to BNB,,04/23/2021,crypto,US,BNB,TRUE
IOSTBTC,IOST to BTC,,04/23/2021,crypto,US,BTC,TRUE
IOSTETH,IOST to ETH,,04/23/2021,crypto,US,ETH,TRUE
CHATBTC,CHAT to BTC,,04/23/2021,crypto,US,BTC,TRUE
CHATETH,CHAT to ETH,,04/23/2021,crypto,US,ETH,TRUE
STEEMBTC,STEEM to BTC,,04/23/2021,crypto,US,BTC,TRUE
STEEMETH,STEEM to ETH,,04/23/2021,crypto,US,ETH,TRUE
STEEMBNB,STEEM to BNB,,04/23/2021,crypto,US,BNB,TRUE
NANOBTC,NANO to BTC,,04/23/2021,crypto,US,BTC,TRUE
NANOETH,NANO to ETH,,04/23/2021,crypto,US,ETH,TRUE
NANOBNB,NANO to BNB,,04/23/2021,crypto,US,BNB,TRUE
VIABTC,VIA to BTC,,04/23/2021,crypto,US,BTC,TRUE
VIAETH,VIA to ETH,,04/23/2021,crypto,US,ETH,TRUE
VIABNB,VIA to BNB,,04/23/2021,crypto,US,BNB,TRUE
BLZBTC,BLZ to BTC,,04/23/2021,crypto,US,BTC,TRUE
BLZETH,BLZ to ETH,,04/23/2021,crypto,US,ETH,TRUE
BLZBNB,BLZ to BNB,,04/23/2021,crypto,US,BNB,TRUE
AEBTC,AE to BTC,,04/23/2021,crypto,US,BTC,TRUE
AEETH,AE to ETH,,04/23/2021,crypto,US,ETH,TRUE
AEBNB,AE to BNB,,04/23/2021,crypto,US,BNB,TRUE
RPXBTC,RPX to BTC,,04/23/2021,crypto,US,BTC,TRUE
RPXETH,RPX to ETH,,04/23/2021,crypto,US,ETH,TRUE
RPXBNB,RPX to BNB,,04/23/2021,crypto,US,BNB,TRUE
NCASHBTC,NCASH to BTC,,04/23/2021,crypto,US,BTC,TRUE
NCASHETH,NCASH to ETH,,04/23/2021,crypto,US,ETH,TRUE
NCASHBNB,NCASH to BNB,,04/23/2021,crypto,US,BNB,TRUE
POABTC,POA to BTC,,04/23/2021,crypto,US,BTC,TRUE
POAETH,POA to ETH,,04/23/2021,crypto,US,ETH,TRUE
POABNB,POA to BNB,,04/23/2021,crypto,US,BNB,TRUE
ZILBTC,ZIL to BTC,,04/23/2021,crypto,US,BTC,TRUE
ZILETH,ZIL to ETH,,04/23/2021,crypto,US,ETH,TRUE
ZILBNB,ZIL to BNB,,04/23/2021,crypto,US,BNB,TRUE
ONTBTC,ONT to BTC,,04/23/2021,crypto,US,BTC,TRUE
ONTETH,ONT to ETH,,04/23/2021,crypto,US,ETH,TRUE
ONTBNB,ONT to BNB,,04/23/2021,crypto,US,BNB,TRUE
STORMBTC,STORM to BTC,,04/23/2021,crypto,US,BTC,TRUE
STORMETH,STORM to ETH,,04/23/2021,crypto,US,ETH,TRUE
STORMBNB,STORM to BNB,,04/23/2021,crypto,US,BNB,TRUE
QTUMBNB,QTUM to BNB,,04/23/2021,crypto,US,BNB,TRUE
QTUMUSDT,QTUM to USDT,,04/23/2021,crypto,US,USDT,TRUE
XEMBTC,XEM to BTC,,04/23/2021,crypto,US,BTC,TRUE
XEMETH,XEM to ETH,,04/23/2021,crypto,US,ETH,TRUE
XEMBNB,XEM to BNB,,04/23/2021,crypto,US,BNB,TRUE
WANBTC,WAN to BTC,,04/23/2021,crypto,US,BTC,TRUE
WANETH,WAN to ETH,,04/23/2021,crypto,US,ETH,TRUE
WANBNB,WAN to BNB,,04/23/2021,crypto,US,BNB,TRUE
WPRBTC,WPR to BTC,,04/23/2021,crypto,US,BTC,TRUE
WPRETH,WPR to ETH,,04/23/2021,crypto,US,ETH,TRUE
QLCBTC,QLC to BTC,,04/23/2021,crypto,US,BTC,TRUE
QLCETH,QLC to ETH,,04/23/2021,crypto,US,ETH,TRUE
SYSBTC,SYS to BTC,,04/23/2021,crypto,US,BTC,TRUE
SYSETH,SYS to ETH,,04/23/2021,crypto,US,ETH,TRUE
SYSBNB,SYS to BNB,,04/23/2021,crypto,US,BNB,TRUE
QLCBNB,QLC to BNB,,04/23/2021,crypto,US,BNB,TRUE
GRSBTC,GRS to BTC,,04/23/2021,crypto,US,BTC,TRUE
GRSETH,GRS to ETH,,04/23/2021,crypto,US,ETH,TRUE
ADAUSDT,ADA to USDT,,04/23/2021,crypto,US,USDT,TRUE
ADABNB,ADA to BNB,,04/23/2021,crypto,US,BNB,TRUE
CLOAKBTC,CLOAK to BTC,,04/23/2021,crypto,US,BTC,TRUE
CLOAKETH,CLOAK to ETH,,04/23/2021,crypto,US,ETH,TRUE
GNTBTC,GNT to BTC,,04/23/2021,crypto,US,BTC,TRUE
GNTETH,GNT to ETH,,04/23/2021,crypto,US,ETH,TRUE
GNTBNB,GNT to BNB,,04/23/2021,crypto,US,BNB,TRUE
LOOMBTC,LOOM to BTC,,04/23/2021,crypto,US,BTC,TRUE
LOOMETH,LOOM to ETH,,04/23/2021,crypto,US,ETH,TRUE
LOOMBNB,LOOM to BNB,,04/23/2021,crypto,US,BNB,TRUE
XRPUSDT,XRP to USDT,,04/23/2021,crypto,US,USDT,TRUE
BCNBTC,BCN to BTC,,04/23/2021,crypto,US,BTC,TRUE
BCNETH,BCN to ETH,,04/23/2021,crypto,US,ETH,TRUE
BCNBNB,BCN to BNB,,04/23/2021,crypto,US,BNB,TRUE
REPBTC,REP to BTC,,04/23/2021,crypto,US,BTC,TRUE
REPETH,REP to ETH,,04/23/2021,crypto,US,ETH,TRUE
REPBNB,REP to BNB,,04/23/2021,crypto,US,BNB,TRUE
BTCTUSD,BTC to TUSD,,04/23/2021,crypto,US,TUSD,TRUE
TUSDBTC,TUSD to BTC,,04/23/2021,crypto,US,BTC,TRUE
ETHTUSD,ETH to TUSD,,04/23/2021,crypto,US,TUSD,TRUE
TUSDETH,TUSD to ETH,,04/23/2021,crypto,US,ETH,TRUE
TUSDBNB,TUSD to BNB,,04/23/2021,crypto,US,BNB,TRUE
ZENBTC,ZEN to BTC,,04/23/2021,crypto,US,BTC,TRUE
ZENETH,ZEN to ETH,,04/23/2021,crypto,US,ETH,TRUE
ZENBNB,ZEN to BNB,,04/23/2021,crypto,US,BNB,TRUE
SKYBTC,SKY to BTC,,04/23/2021,crypto,US,BTC,TRUE
SKYETH,SKY to ETH,,04/23/2021,crypto,US,ETH,TRUE
SKYBNB,SKY to BNB,,04/23/2021,crypto,US,BNB,TRUE
EOSUSDT,EOS to USDT,,04/23/2021,crypto,US,USDT,TRUE
EOSBNB,EOS to BNB,,04/23/2021,crypto,US,BNB,TRUE
CVCBTC,CVC to BTC,,04/23/2021,crypto,US,BTC,TRUE
CVCETH,CVC to ETH,,04/23/2021,crypto,US,ETH,TRUE
CVCBNB,CVC to BNB,,04/23/2021,crypto,US,BNB,TRUE
THETABTC,THETA to BTC,,04/23/2021,crypto,US,BTC,TRUE
THETAETH,THETA to ETH,,04/23/2021,crypto,US,ETH,TRUE
THETABNB,THETA to BNB,,04/23/2021,crypto,US,BNB,TRUE
XRPBNB,XRP to BNB,,04/23/2021,crypto,US,BNB,TRUE
TUSDUSDT,TUSD to USDT,,04/23/2021,crypto,US,USDT,TRUE
IOTAUSDT,IOTA to USDT,,04/23/2021,crypto,US,USDT,TRUE
XLMUSDT,XLM to USDT,,04/23/2021,crypto,US,USDT,TRUE
IOTXBTC,IOTX to BTC,,04/23/2021,crypto,US,BTC,TRUE
IOTXETH,IOTX to ETH,,04/23/2021,crypto,US,ETH,TRUE
QKCBTC,QKC to BTC,,04/23/2021,crypto,US,BTC,TRUE
QKCETH,QKC to ETH,,04/23/2021,crypto,US,ETH,TRUE
AGIBTC,AGI to BTC,,04/23/2021,crypto,US,BTC,TRUE
AGIETH,AGI to ETH,,04/23/2021,crypto,US,ETH,TRUE
AGIBNB,AGI to BNB,,04/23/2021,crypto,US,BNB,TRUE
NXSBTC,NXS to BTC,,04/23/2021,crypto,US,BTC,TRUE
NXSETH,NXS to ETH,,04/23/2021,crypto,US,ETH,TRUE
NXSBNB,NXS to BNB,,04/23/2021,crypto,US,BNB,TRUE
ENJBNB,ENJ to BNB,,04/23/2021,crypto,US,BNB,TRUE
DATABTC,DATA to BTC,,04/23/2021,crypto,US,BTC,TRUE
DATAETH,DATA to ETH,,04/23/2021,crypto,US,ETH,TRUE
ONTUSDT,ONT to USDT,,04/23/2021,crypto,US,USDT,TRUE
TRXBNB,TRX to BNB,,04/23/2021,crypto,US,BNB,TRUE
TRXUSDT,TRX to USDT,,04/23/2021,crypto,US,USDT,TRUE
ETCUSDT,ETC to USDT,,04/23/2021,crypto,US,USDT,TRUE
ETCBNB,ETC to BNB,,04/23/2021,crypto,US,BNB,TRUE
ICXUSDT,ICX to USDT,,04/23/2021,crypto,US,USDT,TRUE
SCBTC,SC to BTC,,04/23/2021,crypto,US,BTC,TRUE
SCETH,SC to ETH,,04/23/2021,crypto,US,ETH,TRUE
SCBNB,SC to BNB,,04/23/2021,crypto,US,BNB,TRUE
NPXSBTC,NPXS to BTC,,04/23/2021,crypto,US,BTC,TRUE
NPXSETH,NPXS to ETH,,04/23/2021,crypto,US,ETH,TRUE
VENUSDT,VEN to USDT,,04/23/2021,crypto,US,USDT,TRUE
KEYBTC,KEY to BTC,,04/23/2021,crypto,US,BTC,TRUE
KEYETH,KEY to ETH,,04/23/2021,crypto,US,ETH,TRUE
NASBTC,NAS to BTC,,04/23/2021,crypto,US,BTC,TRUE
NASETH,NAS to ETH,,04/23/2021,crypto,US,ETH,TRUE
NASBNB,NAS to BNB,,04/23/2021,crypto,US,BNB,TRUE
MFTBTC,MFT to BTC,,04/23/2021,crypto,US,BTC,TRUE
MFTETH,MFT to ETH,,04/23/2021,crypto,US,ETH,TRUE
MFTBNB,MFT to BNB,,04/23/2021,crypto,US,BNB,TRUE
DENTBTC,DENT to BTC,,04/23/2021,crypto,US,BTC,TRUE
DENTETH,DENT to ETH,,04/23/2021,crypto,US,ETH,TRUE
ARDRBTC,ARDR to BTC,,04/23/2021,crypto,US,BTC,TRUE
ARDRETH,ARDR to ETH,,04/23/2021,crypto,US,ETH,TRUE
ARDRBNB,ARDR to BNB,,04/23/2021,crypto,US,BNB,TRUE
NULSUSDT,NULS to USDT,,04/23/2021,crypto,US,USDT,TRUE
HOTBTC,HOT to BTC,,04/23/2021,crypto,US,BTC,TRUE
HOTETH,HOT to ETH,,04/23/2021,crypto,US,ETH,TRUE
VETBTC,VET to BTC,,04/23/2021,crypto,US,BTC,TRUE
VETETH,VET to ETH,,04/23/2021,crypto,US,ETH,TRUE
VETUSDT,VET to USDT,,04/23/2021,crypto,US,USDT,TRUE
VETBNB,VET to BNB,,04/23/2021,crypto,US,BNB,TRUE
DOCKBTC,DOCK to BTC,,04/23/2021,crypto,US,BTC,TRUE
DOCKETH,DOCK to ETH,,04/23/2021,crypto,US,ETH,TRUE
POLYBTC,POLY to BTC,,04/23/2021,crypto,US,BTC,TRUE
POLYBNB,POLY to BNB,,04/23/2021,crypto,US,BNB,TRUE
PHXBTC,PHX to BTC,,04/23/2021,crypto,US,BTC,TRUE
PHXETH,PHX to ETH,,04/23/2021,crypto,US,ETH,TRUE
PHXBNB,PHX to BNB,,04/23/2021,crypto,US,BNB,TRUE
HCBTC,HC to BTC,,04/23/2021,crypto,US,BTC,TRUE
HCETH,HC to ETH,,04/23/2021,crypto,US,ETH,TRUE
GOBTC,GO to BTC,,04/23/2021,crypto,US,BTC,TRUE
GOBNB,GO to BNB,,04/23/2021,crypto,US,BNB,TRUE
PAXBTC,PAX to BTC,,04/23/2021,crypto,US,BTC,TRUE
PAXBNB,PAX to BNB,,04/23/2021,crypto,US,BNB,TRUE
PAXUSDT,PAX to USDT,,04/23/2021,crypto,US,USDT,TRUE
PAXETH,PAX to ETH,,04/23/2021,crypto,US,ETH,TRUE
RVNBTC,RVN to BTC,,04/23/2021,crypto,US,BTC,TRUE
RVNBNB,RVN to BNB,,04/23/2021,crypto,US,BNB,TRUE
DCRBTC,DCR to BTC,,04/23/2021,crypto,US,BTC,TRUE
DCRBNB,DCR to BNB,,04/23/2021,crypto,US,BNB,TRUE
USDCBNB,USDC to BNB,,04/23/2021,crypto,US,BNB,TRUE
MITHBTC,MITH to BTC,,04/23/2021,crypto,US,BTC,TRUE
MITHBNB,MITH to BNB,,04/23/2021,crypto,US,BNB,TRUE
BCHABCBTC,BCHABC to BTC,,04/23/2021,crypto,US,BTC,TRUE
BCHSVBTC,BCHSV to BTC,,04/23/2021,crypto,US,BTC,TRUE
BCHABCUSDT,BCHABC to USDT,,04/23/2021,crypto,US,USDT,TRUE
BCHSVUSDT,BCHSV to USDT,,04/23/2021,crypto,US,USDT,TRUE
BNBPAX,BNB to PAX,,04/23/2021,crypto,US,PAX,TRUE
BTCPAX,BTC to PAX,,04/23/2021,crypto,US,PAX,TRUE
ETHPAX,ETH to PAX,,04/23/2021,crypto,US,PAX,TRUE
XRPPAX,XRP to PAX,,04/23/2021,crypto,US,PAX,TRUE
EOSPAX,EOS to PAX,,04/23/2021,crypto,US,PAX,TRUE
XLMPAX,XLM to PAX,,04/23/2021,crypto,US,PAX,TRUE
RENBTC,REN to BTC,,04/23/2021,crypto,US,BTC,TRUE
RENBNB,REN to BNB,,04/23/2021,crypto,US,BNB,TRUE
BNBTUSD,BNB to TUSD,,04/23/2021,crypto,US,TUSD,TRUE
XRPTUSD,XRP to TUSD,,04/23/2021,crypto,US,TUSD,TRUE
EOSTUSD,EOS to TUSD,,04/23/2021,crypto,US,TUSD,TRUE
XLMTUSD,XLM to TUSD,,04/23/2021,crypto,US,TUSD,TRUE
BNBUSDC,BNB to USDC,,04/23/2021,crypto,US,USDC,TRUE
BTCUSDC,BTC to USDC,,04/23/2021,crypto,US,USDC,TRUE
ETHUSDC,ETH to USDC,,04/23/2021,crypto,US,USDC,TRUE
XRPUSDC,XRP to USDC,,04/23/2021,crypto,US,USDC,TRUE
EOSUSDC,EOS to USDC,,04/23/2021,crypto,US,USDC,TRUE
XLMUSDC,XLM to USDC,,04/23/2021,crypto,US,USDC,TRUE
USDCUSDT,USDC to USDT,,04/23/2021,crypto,US,USDT,TRUE
ADATUSD,ADA to TUSD,,04/23/2021,crypto,US,TUSD,TRUE
TRXTUSD,TRX to TUSD,,04/23/2021,crypto,US,TUSD,TRUE
NEOTUSD,NEO to TUSD,,04/23/2021,crypto,US,TUSD,TRUE
TRXXRP,TRX to XRP,,04/23/2021,crypto,US,XRP,TRUE
XZCXRP,XZC to XRP,,04/23/2021,crypto,US,XRP,TRUE
PAXTUSD,PAX to TUSD,,04/23/2021,crypto,US,TUSD,TRUE
USDCTUSD,USDC to TUSD,,04/23/2021,crypto,US,TUSD,TRUE
USDCPAX,USDC to PAX,,04/23/2021,crypto,US,PAX,TRUE
LINKUSDT,LINK to USDT,,04/23/2021,crypto,US,USDT,TRUE
LINKTUSD,LINK to TUSD,,04/23/2021,crypto,US,TUSD,TRUE
LINKPAX,LINK to PAX,,04/23/2021,crypto,US,PAX,TRUE
LINKUSDC,LINK to USDC,,04/23/2021,crypto,US,USDC,TRUE
WAVESUSDT,WAVES to USDT,,04/23/2021,crypto,US,USDT,TRUE
WAVESTUSD,WAVES to TUSD,,04/23/2021,crypto,US,TUSD,TRUE
WAVESPAX,WAVES to PAX,,04/23/2021,crypto,US,PAX,TRUE
WAVESUSDC,WAVES to USDC,,04/23/2021,crypto,US,USDC,TRUE
BCHABCTUSD,BCHABC to TUSD,,04/23/2021,crypto,US,TUSD,TRUE
BCHABCPAX,BCHABC to PAX,,04/23/2021,crypto,US,PAX,TRUE
BCHABCUSDC,BCHABC to USDC,,04/23/2021,crypto,US,USDC,TRUE
BCHSVTUSD,BCHSV to TUSD,,04/23/2021,crypto,US,TUSD,TRUE
BCHSVPAX,BCHSV to PAX,,04/23/2021,crypto,US,PAX,TRUE
BCHSVUSDC,BCHSV to USDC,,04/23/2021,crypto,US,USDC,TRUE
LTCTUSD,LTC to TUSD,,04/23/2021,crypto,US,TUSD,TRUE
LTCPAX,LTC to PAX,,04/23/2021,crypto,US,PAX,TRUE
LTCUSDC,LTC to USDC,,04/23/2021,crypto,US,USDC,TRUE
TRXPAX,TRX to PAX,,04/23/2021,crypto,US,PAX,TRUE
TRXUSDC,TRX to USDC,,04/23/2021,crypto,US,USDC,TRUE
BTTBTC,BTT to BTC,,04/23/2021,crypto,US,BTC,TRUE
BTTBNB,BTT to BNB,,04/23/2021,crypto,US,BNB,TRUE
BTTUSDT,BTT to USDT,,04/23/2021,crypto,US,USDT,TRUE
BNBUSDS,BNB to USDS,,04/23/2021,crypto,US,USDS,TRUE
BTCUSDS,BTC to USDS,,04/23/2021,crypto,US,USDS,TRUE
USDSUSDT,USDS to USDT,,04/23/2021,crypto,US,USDT,TRUE
USDSPAX,USDS to PAX,,04/23/2021,crypto,US,PAX,TRUE
USDSTUSD,USDS to TUSD,,04/23/2021,crypto,US,TUSD,TRUE
USDSUSDC,USDS to USDC,,04/23/2021,crypto,US,USDC,TRUE
BTTPAX,BTT to PAX,,04/23/2021,crypto,US,PAX,TRUE
BTTTUSD,BTT to TUSD,,04/23/2021,crypto,US,TUSD,TRUE
BTTUSDC,BTT to USDC,,04/23/2021,crypto,US,USDC,TRUE
ONGBNB,ONG to BNB,,04/23/2021,crypto,US,BNB,TRUE
ONGBTC,ONG to BTC,,04/23/2021,crypto,US,BTC,TRUE
ONGUSDT,ONG to USDT,,04/23/2021,crypto,US,USDT,TRUE
HOTBNB,HOT to BNB,,04/23/2021,crypto,US,BNB,TRUE
HOTUSDT,HOT to USDT,,04/23/2021,crypto,US,USDT,TRUE
ZILUSDT,ZIL to USDT,,04/23/2021,crypto,US,USDT,TRUE
ZRXBNB,ZRX to BNB,,04/23/2021,crypto,US,BNB,TRUE
ZRXUSDT,ZRX to USDT,,04/23/2021,crypto,US,USDT,TRUE
FETBNB,FET to BNB,,04/23/2021,crypto,US,BNB,TRUE
FETBTC,FET to BTC,,04/23/2021,crypto,US,BTC,TRUE
FETUSDT,FET to USDT,,04/23/2021,crypto,US,USDT,TRUE
BATUSDT,BAT to USDT,,04/23/2021,crypto,US,USDT,TRUE
XMRBNB,XMR to BNB,,04/23/2021,crypto,US,BNB,TRUE
XMRUSDT,XMR to USDT,,04/23/2021,crypto,US,USDT,TRUE
ZECBNB,ZEC to BNB,,04/23/2021,crypto,US,BNB,TRUE
ZECUSDT,ZEC to USDT,,04/23/2021,crypto,US,USDT,TRUE
ZECPAX,ZEC to PAX,,04/23/2021,crypto,US,PAX,TRUE
ZECTUSD,ZEC to TUSD,,04/23/2021,crypto,US,TUSD,TRUE
ZECUSDC,ZEC to USDC,,04/23/2021,crypto,US,USDC,TRUE
IOSTBNB,IOST to BNB,,04/23/2021,crypto,US,BNB,TRUE
IOSTUSDT,IOST to USDT,,04/23/2021,crypto,US,USDT,TRUE
CELRBNB,CELR to BNB,,04/23/2021,crypto,US,BNB,TRUE
CELRBTC,CELR to BTC,,04/23/2021,crypto,US,BTC,TRUE
CELRUSDT,CELR to USDT,,04/23/2021,crypto,US,USDT,TRUE
ADAPAX,ADA to PAX,,04/23/2021,crypto,US,PAX,TRUE
ADAUSDC,ADA to USDC,,04/23/2021,crypto,US,USDC,TRUE
NEOPAX,NEO to PAX,,04/23/2021,crypto,US,PAX,TRUE
NEOUSDC,NEO to USDC,,04/23/2021,crypto,US,USDC,TRUE
DASHBNB,DASH to BNB,,04/23/2021,crypto,US,BNB,TRUE
DASHUSDT,DASH to USDT,,04/23/2021,crypto,US,USDT,TRUE
NANOUSDT,NANO to USDT,,04/23/2021,crypto,US,USDT,TRUE
OMGBNB,OMG to BNB,,04/23/2021,crypto,US,BNB,TRUE
OMGUSDT,OMG to USDT,,04/23/2021,crypto,US,USDT,TRUE
THETAUSDT,THETA to USDT,,04/23/2021,crypto,US,USDT,TRUE
ENJUSDT,ENJ to USDT,,04/23/2021,crypto,US,USDT,TRUE
MITHUSDT,MITH to USDT,,04/23/2021,crypto,US,USDT,TRUE
MATICBNB,MATIC to BNB,,04/23/2021,crypto,US,BNB,TRUE
MATICBTC,MATIC to BTC,,04/23/2021,crypto,US,BTC,TRUE
MATICUSDT,MATIC to USDT,,04/23/2021,crypto,US,USDT,TRUE
ATOMBNB,ATOM to BNB,,04/23/2021,crypto,US,BNB,TRUE
ATOMBTC,ATOM to BTC,,04/23/2021,crypto,US,BTC,TRUE
ATOMUSDT,ATOM to USDT,,04/23/2021,crypto,US,USDT,TRUE
ATOMUSDC,ATOM to USDC,,04/23/2021,crypto,US,USDC,TRUE
ATOMPAX,ATOM to PAX,,04/23/2021,crypto,US,PAX,TRUE
ATOMTUSD,ATOM to TUSD,,04/23/2021,crypto,US,TUSD,TRUE
ETCUSDC,ETC to USDC,,04/23/2021,crypto,US,USDC,TRUE
ETCPAX,ETC to PAX,,04/23/2021,crypto,US,PAX,TRUE
ETCTUSD,ETC to TUSD,,04/23/2021,crypto,US,TUSD,TRUE
BATUSDC,BAT to USDC,,04/23/2021,crypto,US,USDC,TRUE
BATPAX,BAT to PAX,,04/23/2021,crypto,US,PAX,TRUE
BATTUSD,BAT to TUSD,,04/23/2021,crypto,US,TUSD,TRUE
PHBBNB,PHB to BNB,,04/23/2021,crypto,US,BNB,TRUE
PHBBTC,PHB to BTC,,04/23/2021,crypto,US,BTC,TRUE
PHBUSDC,PHB to USDC,,04/23/2021,crypto,US,USDC,TRUE
PHBTUSD,PHB to TUSD,,04/23/2021,crypto,US,TUSD,TRUE
PHBPAX,PHB to PAX,,04/23/2021,crypto,US,PAX,TRUE
TFUELBNB,TFUEL to BNB,,04/23/2021,crypto,US,BNB,TRUE
TFUELBTC,TFUEL to BTC,,04/23/2021,crypto,US,BTC,TRUE
TFUELUSDT,TFUEL to USDT,,04/23/2021,crypto,US,USDT,TRUE
TFUELUSDC,TFUEL to USDC,,04/23/2021,crypto,US,USDC,TRUE
TFUELTUSD,TFUEL to TUSD,,04/23/2021,crypto,US,TUSD,TRUE
TFUELPAX,TFUEL to PAX,,04/23/2021,crypto,US,PAX,TRUE
ONEBNB,ONE to BNB,,04/23/2021,crypto,US,BNB,TRUE
ONEBTC,ONE to BTC,,04/23/2021,crypto,US,BTC,TRUE
ONEUSDT,ONE to USDT,,04/23/2021,crypto,US,USDT,TRUE
ONETUSD,ONE to TUSD,,04/23/2021,crypto,US,TUSD,TRUE
ONEPAX,ONE to PAX,,04/23/2021,crypto,US,PAX,TRUE
ONEUSDC,ONE to USDC,,04/23/2021,crypto,US,USDC,TRUE
FTMBNB,FTM to BNB,,04/23/2021,crypto,US,BNB,TRUE
FTMBTC,FTM to BTC,,04/23/2021,crypto,US,BTC,TRUE
FTMUSDT,FTM to USDT,,04/23/2021,crypto,US,USDT,TRUE
FTMTUSD,FTM to TUSD,,04/23/2021,crypto,US,TUSD,TRUE
FTMPAX,FTM to PAX,,04/23/2021,crypto,US,PAX,TRUE
FTMUSDC,FTM to USDC,,04/23/2021,crypto,US,USDC,TRUE
BTCBBTC,BTCB to BTC,,04/23/2021,crypto,US,BTC,TRUE
BCPTTUSD,BCPT to TUSD,,04/23/2021,crypto,US,TUSD,TRUE
BCPTPAX,BCPT to PAX,,04/23/2021,crypto,US,PAX,TRUE
BCPTUSDC,BCPT to USDC,,04/23/2021,crypto,US,USDC,TRUE
ALGOBNB,ALGO to BNB,,04/23/2021,crypto,US,BNB,TRUE
ALGOBTC,ALGO to BTC,,04/23/2021,crypto,US,BTC,TRUE
ALGOUSDT,ALGO to USDT,,04/23/2021,crypto,US,USDT,TRUE
ALGOTUSD,ALGO to TUSD,,04/23/2021,crypto,US,TUSD,TRUE
ALGOPAX,ALGO to PAX,,04/23/2021,crypto,US,PAX,TRUE
ALGOUSDC,ALGO to USDC,,04/23/2021,crypto,US,USDC,TRUE
USDSBUSDT,USDSB to USDT,,04/23/2021,crypto,US,USDT,TRUE
USDSBUSDS,USDSB to USDS,,04/23/2021,crypto,US,USDS,TRUE
GTOUSDT,GTO to USDT,,04/23/2021,crypto,US,USDT,TRUE
GTOPAX,GTO to PAX,,04/23/2021,crypto,US,PAX,TRUE
GTOTUSD,GTO to TUSD,,04/23/2021,crypto,US,TUSD,TRUE
GTOUSDC,GTO to USDC,,04/23/2021,crypto,US,USDC,TRUE
ERDBNB,ERD to BNB,,04/23/2021,crypto,US,BNB,TRUE
ERDBTC,ERD to BTC,,04/23/2021,crypto,US,BTC,TRUE
ERDUSDT,ERD to USDT,,04/23/2021,crypto,US,USDT,TRUE
ERDPAX,ERD to PAX,,04/23/2021,crypto,US,PAX,TRUE
ERDUSDC,ERD to USDC,,04/23/2021,crypto,US,USDC,TRUE
DOGEBNB,DOGE to BNB,,04/23/2021,crypto,US,BNB,TRUE
DOGEBTC,DOGE to BTC,,04/23/2021,crypto,US,BTC,TRUE
DOGEUSDT,DOGE to USDT,,04/23/2021,crypto,US,USDT,TRUE
DOGEPAX,DOGE to PAX,,04/23/2021,crypto,US,PAX,TRUE
DOGEUSDC,DOGE to USDC,,04/23/2021,crypto,US,USDC,TRUE
DUSKBNB,DUSK to BNB,,04/23/2021,crypto,US,BNB,TRUE
DUSKBTC,DUSK to BTC,,04/23/2021,crypto,US,BTC,TRUE
DUSKUSDT,DUSK to USDT,,04/23/2021,crypto,US,USDT,TRUE
DUSKUSDC,DUSK to USDC,,04/23/2021,crypto,US,USDC,TRUE
DUSKPAX,DUSK to PAX,,04/23/2021,crypto,US,PAX,TRUE
BGBPUSDC,BGBP to USDC,,04/23/2021,crypto,US,USDC,TRUE
ANKRBNB,ANKR to BNB,,04/23/2021,crypto,US,BNB,TRUE
ANKRBTC,ANKR to BTC,,04/23/2021,crypto,US,BTC,TRUE
ANKRUSDT,ANKR to USDT,,04/23/2021,crypto,US,USDT,TRUE
ANKRTUSD,ANKR to TUSD,,04/23/2021,crypto,US,TUSD,TRUE
ANKRPAX,ANKR to PAX,,04/23/2021,crypto,US,PAX,TRUE
ANKRUSDC,ANKR to USDC,,04/23/2021,crypto,US,USDC,TRUE
ONTPAX,ONT to PAX,,04/23/2021,crypto,US,PAX,TRUE
ONTUSDC,ONT to USDC,,04/23/2021,crypto,US,USDC,TRUE
WINBNB,WIN to BNB,,04/23/2021,crypto,US,BNB,TRUE
WINBTC,WIN to BTC,,04/23/2021,crypto,US,BTC,TRUE
WINUSDT,WIN to USDT,,04/23/2021,crypto,US,USDT,TRUE
WINUSDC,WIN to USDC,,04/23/2021,crypto,US,USDC,TRUE
COSBNB,COS to BNB,,04/23/2021,crypto,US,BNB,TRUE
COSBTC,COS to BTC,,04/23/2021,crypto,US,BTC,TRUE
COSUSDT,COS to USDT,,04/23/2021,crypto,US,USDT,TRUE
TUSDBTUSD,TUSDB to TUSD,,04/23/2021,crypto,US,TUSD,TRUE
NPXSUSDT,NPXS to USDT,,04/23/2021,crypto,US,USDT,TRUE
NPXSUSDC,NPXS to USDC,,04/23/2021,crypto,US,USDC,TRUE
COCOSBNB,COCOS to BNB,,04/23/2021,crypto,US,BNB,TRUE
COCOSBTC,COCOS to BTC,,04/23/2021,crypto,US,BTC,TRUE
COCOSUSDT,COCOS to USDT,,04/23/2021,crypto,US,USDT,TRUE
MTLUSDT,MTL to USDT,,04/23/2021,crypto,US,USDT,TRUE
TOMOBNB,TOMO to BNB,,04/23/2021,crypto,US,BNB,TRUE
TOMOBTC,TOMO to BTC,,04/23/2021,crypto,US,BTC,TRUE
TOMOUSDT,TOMO to USDT,,04/23/2021,crypto,US,USDT,TRUE
TOMOUSDC,TOMO to USDC,,04/23/2021,crypto,US,USDC,TRUE
PERLBNB,PERL to BNB,,04/23/2021,crypto,US,BNB,TRUE
PERLBTC,PERL to BTC,,04/23/2021,crypto,US,BTC,TRUE
PERLUSDC,PERL to USDC,,04/23/2021,crypto,US,USDC,TRUE
PERLUSDT,PERL to USDT,,04/23/2021,crypto,US,USDT,TRUE
DENTUSDT,DENT to USDT,,04/23/2021,crypto,US,USDT,TRUE
MFTUSDT,MFT to USDT,,04/23/2021,crypto,US,USDT,TRUE
KEYUSDT,KEY to USDT,,04/23/2021,crypto,US,USDT,TRUE
STORMUSDT,STORM to USDT,,04/23/2021,crypto,US,USDT,TRUE
DOCKUSDT,DOCK to USDT,,04/23/2021,crypto,US,USDT,TRUE
WANUSDT,WAN to USDT,,04/23/2021,crypto,US,USDT,TRUE
FUNUSDT,FUN to USDT,,04/23/2021,crypto,US,USDT,TRUE
CVCUSDT,CVC to USDT,,04/23/2021,crypto,US,USDT,TRUE
BTTTRX,BTT to TRX,,04/23/2021,crypto,US,TRX,TRUE
WINTRX,WIN to TRX,,04/23/2021,crypto,US,TRX,TRUE
CHZBNB,CHZ to BNB,,04/23/2021,crypto,US,BNB,TRUE
CHZBTC,CHZ to BTC,,04/23/2021,crypto,US,BTC,TRUE
CHZUSDT,CHZ to USDT,,04/23/2021,crypto,US,USDT,TRUE
BANDBNB,BAND to BNB,,04/23/2021,crypto,US,BNB,TRUE
BANDBTC,BAND to BTC,,04/23/2021,crypto,US,BTC,TRUE
BANDUSDT,BAND to USDT,,04/23/2021,crypto,US,USDT,TRUE
BNBBUSD,BNB to BUSD,,04/23/2021,crypto,US,BUSD,TRUE
BTCBUSD,BTC to BUSD,,04/23/2021,crypto,US,BUSD,TRUE
BUSDUSDT,BUSD to USDT,,04/23/2021,crypto,US,USDT,TRUE
BEAMBNB,BEAM to BNB,,04/23/2021,crypto,US,BNB,TRUE
BEAMBTC,BEAM to BTC,,04/23/2021,crypto,US,BTC,TRUE
BEAMUSDT,BEAM to USDT,,04/23/2021,crypto,US,USDT,TRUE
XTZBNB,XTZ to BNB,,04/23/2021,crypto,US,BNB,TRUE
XTZBTC,XTZ to BTC,,04/23/2021,crypto,US,BTC,TRUE
XTZUSDT,XTZ to USDT,,04/23/2021,crypto,US,USDT,TRUE
RENUSDT,REN to USDT,,04/23/2021,crypto,US,USDT,TRUE
RVNUSDT,RVN to USDT,,04/23/2021,crypto,US,USDT,TRUE
HCUSDT,HC to USDT,,04/23/2021,crypto,US,USDT,TRUE
HBARBNB,HBAR to BNB,,04/23/2021,crypto,US,BNB,TRUE
HBARBTC,HBAR to BTC,,04/23/2021,crypto,US,BTC,TRUE
HBARUSDT,HBAR to USDT,,04/23/2021,crypto,US,USDT,TRUE
NKNBNB,NKN to BNB,,04/23/2021,crypto,US,BNB,TRUE
NKNBTC,NKN to BTC,,04/23/2021,crypto,US,BTC,TRUE
NKNUSDT,NKN to USDT,,04/23/2021,crypto,US,USDT,TRUE
XRPBUSD,XRP to BUSD,,04/23/2021,crypto,US,BUSD,TRUE
ETHBUSD,ETH to BUSD,,04/23/2021,crypto,US,BUSD,TRUE
BCHABCBUSD,BCHABC to BUSD,,04/23/2021,crypto,US,BUSD,TRUE
LTCBUSD,LTC to BUSD,,04/23/2021,crypto,US,BUSD,TRUE
LINKBUSD,LINK to BUSD,,04/23/2021,crypto,US,BUSD,TRUE
ETCBUSD,ETC to BUSD,,04/23/2021,crypto,US,BUSD,TRUE
STXBNB,STX to BNB,,04/23/2021,crypto,US,BNB,TRUE
STXBTC,STX to BTC,,04/23/2021,crypto,US,BTC,TRUE
STXUSDT,STX to USDT,,04/23/2021,crypto,US,USDT,TRUE
KAVABNB,KAVA to BNB,,04/23/2021,crypto,US,BNB,TRUE
KAVABTC,KAVA to BTC,,04/23/2021,crypto,US,BTC,TRUE
KAVAUSDT,KAVA to USDT,,04/23/2021,crypto,US,USDT,TRUE
BUSDNGN,BUSD to NGN,,04/23/2021,crypto,US,NGN,TRUE
BNBNGN,BNB to NGN,,04/23/2021,crypto,US,NGN,TRUE
BTCNGN,BTC to NGN,,04/23/2021,crypto,US,NGN,TRUE
ARPABNB,ARPA to BNB,,04/23/2021,crypto,US,BNB,TRUE
ARPABTC,ARPA to BTC,,04/23/2021,crypto,US,BTC,TRUE
ARPAUSDT,ARPA to USDT,,04/23/2021,crypto,US,USDT,TRUE
TRXBUSD,TRX to BUSD,,04/23/2021,crypto,US,BUSD,TRUE
EOSBUSD,EOS to BUSD,,04/23/2021,crypto,US,BUSD,TRUE
IOTXUSDT,IOTX to USDT,,04/23/2021,crypto,US,USDT,TRUE
RLCUSDT,RLC to USDT,,04/23/2021,crypto,US,USDT,TRUE
MCOUSDT,MCO to USDT,,04/23/2021,crypto,US,USDT,TRUE
XLMBUSD,XLM to BUSD,,04/23/2021,crypto,US,BUSD,TRUE
ADABUSD,ADA to BUSD,,04/23/2021,crypto,US,BUSD,TRUE
CTXCBNB,CTXC to BNB,,04/23/2021,crypto,US,BNB,TRUE
CTXCBTC,CTXC to BTC,,04/23/2021,crypto,US,BTC,TRUE
CTXCUSDT,CTXC to USDT,,04/23/2021,crypto,US,USDT,TRUE
BCHBNB,BCH to BNB,,04/23/2021,crypto,US,BNB,TRUE
BCHUSDT,BCH to USDT,,04/23/2021,crypto,US,USDT,TRUE
BCHUSDC,BCH to USDC,,04/23/2021,crypto,US,USDC,TRUE
BCHTUSD,BCH to TUSD,,04/23/2021,crypto,US,TUSD,TRUE
BCHPAX,BCH to PAX,,04/23/2021,crypto,US,PAX,TRUE
BCHBUSD,BCH to BUSD,,04/23/2021,crypto,US,BUSD,TRUE
BTCRUB,BTC to RUB,,04/23/2021,crypto,US,RUB,TRUE
ETHRUB,ETH to RUB,,04/23/2021,crypto,US,RUB,TRUE
XRPRUB,XRP to RUB,,04/23/2021,crypto,US,RUB,TRUE
BNBRUB,BNB to RUB,,04/23/2021,crypto,US,RUB,TRUE
TROYBNB,TROY to BNB,,04/23/2021,crypto,US,BNB,TRUE
TROYBTC,TROY to BTC,,04/23/2021,crypto,US,BTC,TRUE
TROYUSDT,TROY to USDT,,04/23/2021,crypto,US,USDT,TRUE
BUSDRUB,BUSD to RUB,,04/23/2021,crypto,US,RUB,TRUE
QTUMBUSD,QTUM to BUSD,,04/23/2021,crypto,US,BUSD,TRUE
VETBUSD,VET to BUSD,,04/23/2021,crypto,US,BUSD,TRUE
VITEBNB,VITE to BNB,,04/23/2021,crypto,US,BNB,TRUE
VITEBTC,VITE to BTC,,04/23/2021,crypto,US,BTC,TRUE
VITEUSDT,VITE to USDT,,04/23/2021,crypto,US,USDT,TRUE
FTTBNB,FTT to BNB,,04/23/2021,crypto,US,BNB,TRUE
FTTBTC,FTT to BTC,,04/23/2021,crypto,US,BTC,TRUE
FTTUSDT,FTT to USDT,,04/23/2021,crypto,US,USDT,TRUE
BTCTRY,BTC to TRY,,04/23/2021,crypto,US,TRY,TRUE
BNBTRY,BNB to TRY,,04/23/2021,crypto,US,TRY,TRUE
BUSDTRY,BUSD to TRY,,04/23/2021,crypto,US,TRY,TRUE
ETHTRY,ETH to TRY,,04/23/2021,crypto,US,TRY,TRUE
XRPTRY,XRP to TRY,,04/23/2021,crypto,US,TRY,TRUE
USDTTRY,USDT to TRY,,04/23/2021,crypto,US,TRY,TRUE
USDTRUB,USDT to RUB,,04/23/2021,crypto,US,RUB,TRUE
BTCEUR,BTC to EUR,,04/23/2021,crypto,US,EUR,TRUE
ETHEUR,ETH to EUR,,04/23/2021,crypto,US,EUR,TRUE
BNBEUR,BNB to EUR,,04/23/2021,crypto,US,EUR,TRUE
XRPEUR,XRP to EUR,,04/23/2021,crypto,US,EUR,TRUE
EURBUSD,EUR to BUSD,,04/23/2021,crypto,US,BUSD,TRUE
EURUSDT,EUR to USDT,,04/23/2021,crypto,US,USDT,TRUE
OGNBNB,OGN to BNB,,04/23/2021,crypto,US,BNB,TRUE
OGNBTC,OGN to BTC,,04/23/2021,crypto,US,BTC,TRUE
OGNUSDT,OGN to USDT,,04/23/2021,crypto,US,USDT,TRUE
DREPBNB,DREP to BNB,,04/23/2021,crypto,US,BNB,TRUE
DREPBTC,DREP to BTC,,04/23/2021,crypto,US,BTC,TRUE
DREPUSDT,DREP to USDT,,04/23/2021,crypto,US,USDT,TRUE
BULLUSDT,BULL to USDT,,04/23/2021,crypto,US,USDT,TRUE
BULLBUSD,BULL to BUSD,,04/23/2021,crypto,US,BUSD,TRUE
BEARUSDT,BEAR to USDT,,04/23/2021,crypto,US,USDT,TRUE
BEARBUSD,BEAR to BUSD,,04/23/2021,crypto,US,BUSD,TRUE
ETHBULLUSDT,ETHBULL to USDT,,04/23/2021,crypto,US,USDT,TRUE
ETHBULLBUSD,ETHBULL to BUSD,,04/23/2021,crypto,US,BUSD,TRUE
ETHBEARUSDT,ETHBEAR to USDT,,04/23/2021,crypto,US,USDT,TRUE
ETHBEARBUSD,ETHBEAR to BUSD,,04/23/2021,crypto,US,BUSD,TRUE
TCTBNB,TCT to BNB,,04/23/2021,crypto,US,BNB,TRUE
TCTBTC,TCT to BTC,,04/23/2021,crypto,US,BTC,TRUE
TCTUSDT,TCT to USDT,,04/23/2021,crypto,US,USDT,TRUE
WRXBNB,WRX to BNB,,04/23/2021,crypto,US,BNB,TRUE
WRXBTC,WRX to BTC,,04/23/2021,crypto,US,BTC,TRUE
WRXUSDT,WRX to USDT,,04/23/2021,crypto,US,USDT,TRUE
ICXBUSD,ICX to BUSD,,04/23/2021,crypto,US,BUSD,TRUE
BTSUSDT,BTS to USDT,,04/23/2021,crypto,US,USDT,TRUE
BTSBUSD,BTS to BUSD,,04/23/2021,crypto,US,BUSD,TRUE
LSKUSDT,LSK to USDT,,04/23/2021,crypto,US,USDT,TRUE
BNTUSDT,BNT to USDT,,04/23/2021,crypto,US,USDT,TRUE
BNTBUSD,BNT to BUSD,,04/23/2021,crypto,US,BUSD,TRUE
LTOBNB,LTO to BNB,,04/23/2021,crypto,US,BNB,TRUE
LTOBTC,LTO to BTC,,04/23/2021,crypto,US,BTC,TRUE
LTOUSDT,LTO to USDT,,04/23/2021,crypto,US,USDT,TRUE
ATOMBUSD,ATOM to BUSD,,04/23/2021,crypto,US,BUSD,TRUE
DASHBUSD,DASH to BUSD,,04/23/2021,crypto,US,BUSD,TRUE
NEOBUSD,NEO to BUSD,,04/23/2021,crypto,US,BUSD,TRUE
WAVESBUSD,WAVES to BUSD,,04/23/2021,crypto,US,BUSD,TRUE
XTZBUSD,XTZ to BUSD,,04/23/2021,crypto,US,BUSD,TRUE
EOSBULLUSDT,EOSBULL to USDT,,04/23/2021,crypto,US,USDT,TRUE
EOSBULLBUSD,EOSBULL to BUSD,,04/23/2021,crypto,US,BUSD,TRUE
EOSBEARUSDT,EOSBEAR to USDT,,04/23/2021,crypto,US,USDT,TRUE
EOSBEARBUSD,EOSBEAR to BUSD,,04/23/2021,crypto,US,BUSD,TRUE
XRPBULLUSDT,XRPBULL to USDT,,04/23/2021,crypto,US,USDT,TRUE
XRPBULLBUSD,XRPBULL to BUSD,,04/23/2021,crypto,US,BUSD,TRUE
XRPBEARUSDT,XRPBEAR to USDT,,04/23/2021,crypto,US,USDT,TRUE
XRPBEARBUSD,XRPBEAR to BUSD,,04/23/2021,crypto,US,BUSD,TRUE
BATBUSD,BAT to BUSD,,04/23/2021,crypto,US,BUSD,TRUE
ENJBUSD,ENJ to BUSD,,04/23/2021,crypto,US,BUSD,TRUE
NANOBUSD,NANO to BUSD,,04/23/2021,crypto,US,BUSD,TRUE
ONTBUSD,ONT to BUSD,,04/23/2021,crypto,US,BUSD,TRUE
RVNBUSD,RVN to BUSD,,04/23/2021,crypto,US,BUSD,TRUE
STRATBUSD,STRAT to BUSD,,04/23/2021,crypto,US,BUSD,TRUE
STRATBNB,STRAT to BNB,,04/23/2021,crypto,US,BNB,TRUE
STRATUSDT,STRAT to USDT,,04/23/2021,crypto,US,USDT,TRUE
AIONBUSD,AION to BUSD,,04/23/2021,crypto,US,BUSD,TRUE
AIONUSDT,AION to USDT,,04/23/2021,crypto,US,USDT,TRUE
MBLBNB,MBL to BNB,,04/23/2021,crypto,US,BNB,TRUE
MBLBTC,MBL to BTC,,04/23/2021,crypto,US,BTC,TRUE
MBLUSDT,MBL to USDT,,04/23/2021,crypto,US,USDT,TRUE
COTIBNB,COTI to BNB,,04/23/2021,crypto,US,BNB,TRUE
COTIBTC,COTI to BTC,,04/23/2021,crypto,US,BTC,TRUE
COTIUSDT,COTI to USDT,,04/23/2021,crypto,US,USDT,TRUE
ALGOBUSD,ALGO to BUSD,,04/23/2021,crypto,US,BUSD,TRUE
BTTBUSD,BTT to BUSD,,04/23/2021,crypto,US,BUSD,TRUE
TOMOBUSD,TOMO to BUSD,,04/23/2021,crypto,US,BUSD,TRUE
XMRBUSD,XMR to BUSD,,04/23/2021,crypto,US,BUSD,TRUE
ZECBUSD,ZEC to BUSD,,04/23/2021,crypto,US,BUSD,TRUE
BNBBULLUSDT,BNBBULL to USDT,,04/23/2021,crypto,US,USDT,TRUE
BNBBULLBUSD,BNBBULL to BUSD,,04/23/2021,crypto,US,BUSD,TRUE
BNBBEARUSDT,BNBBEAR to USDT,,04/23/2021,crypto,US,USDT,TRUE
BNBBEARBUSD,BNBBEAR to BUSD,,04/23/2021,crypto,US,BUSD,TRUE
STPTBNB,STPT to BNB,,04/23/2021,crypto,US,BNB,TRUE
STPTBTC,STPT to BTC,,04/23/2021,crypto,US,BTC,TRUE
STPTUSDT,STPT to USDT,,04/23/2021,crypto,US,USDT,TRUE
BTCZAR,BTC to ZAR,,04/23/2021,crypto,US,ZAR,TRUE
ETHZAR,ETH to ZAR,,04/23/2021,crypto,US,ZAR,TRUE
BNBZAR,BNB to ZAR,,04/23/2021,crypto,US,ZAR,TRUE
USDTZAR,USDT to ZAR,,04/23/2021,crypto,US,ZAR,TRUE
BUSDZAR,BUSD to ZAR,,04/23/2021,crypto,US,ZAR,TRUE
BTCBKRW,BTC to BKRW,,04/23/2021,crypto,US,BKRW,TRUE
ETHBKRW,ETH to BKRW,,04/23/2021,crypto,US,BKRW,TRUE
BNBBKRW,BNB to BKRW,,04/23/2021,crypto,US,BKRW,TRUE
WTCUSDT,WTC to USDT,,04/23/2021,crypto,US,USDT,TRUE
DATABUSD,DATA to BUSD,,04/23/2021,crypto,US,BUSD,TRUE
DATAUSDT,DATA to USDT,,04/23/2021,crypto,US,USDT,TRUE
XZCUSDT,XZC to USDT,,04/23/2021,crypto,US,USDT,TRUE
SOLBNB,SOL to BNB,,04/23/2021,crypto,US,BNB,TRUE
SOLBTC,SOL to BTC,,04/23/2021,crypto,US,BTC,TRUE
SOLUSDT,SOL to USDT,,04/23/2021,crypto,US,USDT,TRUE
SOLBUSD,SOL to BUSD,,04/23/2021,crypto,US,BUSD,TRUE
BTCIDRT,BTC to IDRT,,04/23/2021,crypto,US,IDRT,TRUE
BNBIDRT,BNB to IDRT,,04/23/2021,crypto,US,IDRT,TRUE
USDTIDRT,USDT to IDRT,,04/23/2021,crypto,US,IDRT,TRUE
BUSDIDRT,BUSD to IDRT,,04/23/2021,crypto,US,IDRT,TRUE
CTSIBTC,CTSI to BTC,,04/23/2021,crypto,US,BTC,TRUE
CTSIUSDT,CTSI to USDT,,04/23/2021,crypto,US,USDT,TRUE
CTSIBNB,CTSI to BNB,,04/23/2021,crypto,US,BNB,TRUE
CTSIBUSD,CTSI to BUSD,,04/23/2021,crypto,US,BUSD,TRUE
HIVEBNB,HIVE to BNB,,04/23/2021,crypto,US,BNB,TRUE
HIVEBTC,HIVE to BTC,,04/23/2021,crypto,US,BTC,TRUE
HIVEUSDT,HIVE to USDT,,04/23/2021,crypto,US,USDT,TRUE
CHRBNB,CHR to BNB,,04/23/2021,crypto,US,BNB,TRUE
CHRBTC,CHR to BTC,,04/23/2021,crypto,US,BTC,TRUE
CHRUSDT,CHR to USDT,,04/23/2021,crypto,US,USDT,TRUE
BTCUPUSDT,BTCUP to USDT,,04/23/2021,crypto,US,USDT,TRUE
BTCDOWNUSDT,BTCDOWN to USDT,,04/23/2021,crypto,US,USDT,TRUE
GXSUSDT,GXS to USDT,,04/23/2021,crypto,US,USDT,TRUE
ARDRUSDT,ARDR to USDT,,04/23/2021,crypto,US,USDT,TRUE
ERDBUSD,ERD to BUSD,,04/23/2021,crypto,US,BUSD,TRUE
LENDUSDT,LEND to USDT,,04/23/2021,crypto,US,USDT,TRUE
HBARBUSD,HBAR to BUSD,,04/23/2021,crypto,US,BUSD,TRUE
MATICBUSD,MATIC to BUSD,,04/23/2021,crypto,US,BUSD,TRUE
WRXBUSD,WRX to BUSD,,04/23/2021,crypto,US,BUSD,TRUE
ZILBUSD,ZIL to BUSD,,04/23/2021,crypto,US,BUSD,TRUE
MDTBNB,MDT to BNB,,04/23/2021,crypto,US,BNB,TRUE
MDTBTC,MDT to BTC,,04/23/2021,crypto,US,BTC,TRUE
MDTUSDT,MDT to USDT,,04/23/2021,crypto,US,USDT,TRUE
STMXBNB,STMX to BNB,,04/23/2021,crypto,US,BNB,TRUE
STMXBTC,STMX to BTC,,04/23/2021,crypto,US,BTC,TRUE
STMXETH,STMX to ETH,,04/23/2021,crypto,US,ETH,TRUE
STMXUSDT,STMX to USDT,,04/23/2021,crypto,US,USDT,TRUE
KNCBUSD,KNC to BUSD,,04/23/2021,crypto,US,BUSD,TRUE
KNCUSDT,KNC to USDT,,04/23/2021,crypto,US,USDT,TRUE
REPBUSD,REP to BUSD,,04/23/2021,crypto,US,BUSD,TRUE
REPUSDT,REP to USDT,,04/23/2021,crypto,US,USDT,TRUE
LRCBUSD,LRC to BUSD,,04/23/2021,crypto,US,BUSD,TRUE
LRCUSDT,LRC to USDT,,04/23/2021,crypto,US,USDT,TRUE
IQBNB,IQ to BNB,,04/23/2021,crypto,US,BNB,TRUE
IQBUSD,IQ to BUSD,,04/23/2021,crypto,US,BUSD,TRUE
PNTBTC,PNT to BTC,,04/23/2021,crypto,US,BTC,TRUE
PNTUSDT,PNT to USDT,,04/23/2021,crypto,US,USDT,TRUE
BTCGBP,BTC to GBP,,04/23/2021,crypto,US,GBP,TRUE
ETHGBP,ETH to GBP,,04/23/2021,crypto,US,GBP,TRUE
XRPGBP,XRP to GBP,,04/23/2021,crypto,US,GBP,TRUE
BNBGBP,BNB to GBP,,04/23/2021,crypto,US,GBP,TRUE
GBPBUSD,GBP to BUSD,,04/23/2021,crypto,US,BUSD,TRUE
DGBBNB,DGB to BNB,,04/23/2021,crypto,US,BNB,TRUE
DGBBTC,DGB to BTC,,04/23/2021,crypto,US,BTC,TRUE
DGBBUSD,DGB to BUSD,,04/23/2021,crypto,US,BUSD,TRUE
BTCUAH,BTC to UAH,,04/23/2021,crypto,US,UAH,TRUE
USDTUAH,USDT to UAH,,04/23/2021,crypto,US,UAH,TRUE
COMPBTC,COMP to BTC,,04/23/2021,crypto,US,BTC,TRUE
COMPBNB,COMP to BNB,,04/23/2021,crypto,US,BNB,TRUE
COMPBUSD,COMP to BUSD,,04/23/2021,crypto,US,BUSD,TRUE
COMPUSDT,COMP to USDT,,04/23/2021,crypto,US,USDT,TRUE
BTCBIDR,BTC to BIDR,,04/23/2021,crypto,US,BIDR,TRUE
ETHBIDR,ETH to BIDR,,04/23/2021,crypto,US,BIDR,TRUE
BNBBIDR,BNB to BIDR,,04/23/2021,crypto,US,BIDR,TRUE
BUSDBIDR,BUSD to BIDR,,04/23/2021,crypto,US,BIDR,TRUE
USDTBIDR,USDT to BIDR,,04/23/2021,crypto,US,BIDR,TRUE
BKRWUSDT,BKRW to USDT,,04/23/2021,crypto,US,USDT,TRUE
BKRWBUSD,BKRW to BUSD,,04/23/2021,crypto,US,BUSD,TRUE
SCUSDT,SC to USDT,,04/23/2021,crypto,US,USDT,TRUE
ZENUSDT,ZEN to USDT,,04/23/2021,crypto,US,USDT,TRUE
SXPBTC,SXP to BTC,,04/23/2021,crypto,US,BTC,TRUE
SXPBNB,SXP to BNB,,04/23/2021,crypto,US,BNB,TRUE
SXPBUSD,SXP to BUSD,,04/23/2021,crypto,US,BUSD,TRUE
SNXBTC,SNX to BTC,,04/23/2021,crypto,US,BTC,TRUE
SNXBNB,SNX to BNB,,04/23/2021,crypto,US,BNB,TRUE
SNXBUSD,SNX to BUSD,,04/23/2021,crypto,US,BUSD,TRUE
SNXUSDT,SNX to USDT,,04/23/2021,crypto,US,USDT,TRUE
ETHUPUSDT,ETHUP to USDT,,04/23/2021,crypto,US,USDT,TRUE
ETHDOWNUSDT,ETHDOWN to USDT,,04/23/2021,crypto,US,USDT,TRUE
ADAUPUSDT,ADAUP to USDT,,04/23/2021,crypto,US,USDT,TRUE
ADADOWNUSDT,ADADOWN to USDT,,04/23/2021,crypto,US,USDT,TRUE
LINKUPUSDT,LINKUP to USDT,,04/23/2021,crypto,US,USDT,TRUE
LINKDOWNUSDT,LINKDOWN to USDT,,04/23/2021,crypto,US,USDT,TRUE
VTHOBNB,VTHO to BNB,,04/23/2021,crypto,US,BNB,TRUE
VTHOBUSD,VTHO to BUSD,,04/23/2021,crypto,US,BUSD,TRUE
VTHOUSDT,VTHO to USDT,,04/23/2021,crypto,US,USDT,TRUE
DCRBUSD,DCR to BUSD,,04/23/2021,crypto,US,BUSD,TRUE
DGBUSDT,DGB to USDT,,04/23/2021,crypto,US,USDT,TRUE
GBPUSDT,GBP to USDT,,04/23/2021,crypto,US,USDT,TRUE
STORJBUSD,STORJ to BUSD,,04/23/2021,crypto,US,BUSD,TRUE
SXPUSDT,SXP to USDT,,04/23/2021,crypto,US,USDT,TRUE
IRISBNB,IRIS to BNB,,04/23/2021,crypto,US,BNB,TRUE
IRISBTC,IRIS to BTC,,04/23/2021,crypto,US,BTC,TRUE
IRISBUSD,IRIS to BUSD,,04/23/2021,crypto,US,BUSD,TRUE
MKRBNB,MKR to BNB,,04/23/2021,crypto,US,BNB,TRUE
MKRBTC,MKR to BTC,,04/23/2021,crypto,US,BTC,TRUE
MKRUSDT,MKR to USDT,,04/23/2021,crypto,US,USDT,TRUE
MKRBUSD,MKR to BUSD,,04/23/2021,crypto,US,BUSD,TRUE
DAIBNB,DAI to BNB,,04/23/2021,crypto,US,BNB,TRUE
DAIBTC,DAI to BTC,,04/23/2021,crypto,US,BTC,TRUE
DAIUSDT,DAI to USDT,,04/23/2021,crypto,US,USDT,TRUE
DAIBUSD,DAI to BUSD,,04/23/2021,crypto,US,BUSD,TRUE
RUNEBNB,RUNE to BNB,,04/23/2021,crypto,US,BNB,TRUE
RUNEBTC,RUNE to BTC,,04/23/2021,crypto,US,BTC,TRUE
RUNEBUSD,RUNE to BUSD,,04/23/2021,crypto,US,BUSD,TRUE
MANABUSD,MANA to BUSD,,04/23/2021,crypto,US,BUSD,TRUE
DOGEBUSD,DOGE to BUSD,,04/23/2021,crypto,US,BUSD,TRUE
LENDBUSD,LEND to BUSD,,04/23/2021,crypto,US,BUSD,TRUE
ZRXBUSD,ZRX to BUSD,,04/23/2021,crypto,US,BUSD,TRUE
DCRUSDT,DCR to USDT,,04/23/2021,crypto,US,USDT,TRUE
STORJUSDT,STORJ to USDT,,04/23/2021,crypto,US,USDT,TRUE
XRPBKRW,XRP to BKRW,,04/23/2021,crypto,US,BKRW,TRUE
ADABKRW,ADA to BKRW,,04/23/2021,crypto,US,BKRW,TRUE
BTCAUD,BTC to AUD,,04/23/2021,crypto,US,AUD,TRUE
ETHAUD,ETH to AUD,,04/23/2021,crypto,US,AUD,TRUE
AUDBUSD,AUD to BUSD,,04/23/2021,crypto,US,BUSD,TRUE
FIOBNB,FIO to BNB,,04/23/2021,crypto,US,BNB,TRUE
FIOBTC,FIO to BTC,,04/23/2021,crypto,US,BTC,TRUE
FIOBUSD,FIO to BUSD,,04/23/2021,crypto,US,BUSD,TRUE
BNBUPUSDT,BNBUP to USDT,,04/23/2021,crypto,US,USDT,TRUE
BNBDOWNUSDT,BNBDOWN to USDT,,04/23/2021,crypto,US,USDT,TRUE
XTZUPUSDT,XTZUP to USDT,,04/23/2021,crypto,US,USDT,TRUE
XTZDOWNUSDT,XTZDOWN to USDT,,04/23/2021,crypto,US,USDT,TRUE
AVABNB,AVA to BNB,,04/23/2021,crypto,US,BNB,TRUE
AVABTC,AVA to BTC,,04/23/2021,crypto,US,BTC,TRUE
AVABUSD,AVA to BUSD,,04/23/2021,crypto,US,BUSD,TRUE
USDTBKRW,USDT to BKRW,,04/23/2021,crypto,US,BKRW,TRUE
BUSDBKRW,BUSD to BKRW,,04/23/2021,crypto,US,BKRW,TRUE
IOTABUSD,IOTA to BUSD,,04/23/2021,crypto,US,BUSD,TRUE
MANAUSDT,MANA to USDT,,04/23/2021,crypto,US,USDT,TRUE
XRPAUD,XRP to AUD,,04/23/2021,crypto,US,AUD,TRUE
BNBAUD,BNB to AUD,,04/23/2021,crypto,US,AUD,TRUE
AUDUSDT,AUD to USDT,,04/23/2021,crypto,US,USDT,TRUE
BALBNB,BAL to BNB,,04/23/2021,crypto,US,BNB,TRUE
BALBTC,BAL to BTC,,04/23/2021,crypto,US,BTC,TRUE
BALBUSD,BAL to BUSD,,04/23/2021,crypto,US,BUSD,TRUE
YFIBNB,YFI to BNB,,04/23/2021,crypto,US,BNB,TRUE
YFIBTC,YFI to BTC,,04/23/2021,crypto,US,BTC,TRUE
YFIBUSD,YFI to BUSD,,04/23/2021,crypto,US,BUSD,TRUE
YFIUSDT,YFI to USDT,,04/23/2021,crypto,US,USDT,TRUE
BLZBUSD,BLZ to BUSD,,04/23/2021,crypto,US,BUSD,TRUE
KMDBUSD,KMD to BUSD,,04/23/2021,crypto,US,BUSD,TRUE
BALUSDT,BAL to USDT,,04/23/2021,crypto,US,USDT,TRUE
BLZUSDT,BLZ to USDT,,04/23/2021,crypto,US,USDT,TRUE
IRISUSDT,IRIS to USDT,,04/23/2021,crypto,US,USDT,TRUE
KMDUSDT,KMD to USDT,,04/23/2021,crypto,US,USDT,TRUE
BTCDAI,BTC to DAI,,04/23/2021,crypto,US,DAI,TRUE
ETHDAI,ETH to DAI,,04/23/2021,crypto,US,DAI,TRUE
BNBDAI,BNB to DAI,,04/23/2021,crypto,US,DAI,TRUE
USDTDAI,USDT to DAI,,04/23/2021,crypto,US,DAI,TRUE
BUSDDAI,BUSD to DAI,,04/23/2021,crypto,US,DAI,TRUE
JSTBNB,JST to BNB,,04/23/2021,crypto,US,BNB,TRUE
JSTBTC,JST to BTC,,04/23/2021,crypto,US,BTC,TRUE
JSTBUSD,JST to BUSD,,04/23/2021,crypto,US,BUSD,TRUE
JSTUSDT,JST to USDT,,04/23/2021,crypto,US,USDT,TRUE
SRMBNB,SRM to BNB,,04/23/2021,crypto,US,BNB,TRUE
SRMBTC,SRM to BTC,,04/23/2021,crypto,US,BTC,TRUE
SRMBUSD,SRM to BUSD,,04/23/2021,crypto,US,BUSD,TRUE
SRMUSDT,SRM to USDT,,04/23/2021,crypto,US,USDT,TRUE
ANTBNB,ANT to BNB,,04/23/2021,crypto,US,BNB,TRUE
ANTBTC,ANT to BTC,,04/23/2021,crypto,US,BTC,TRUE
ANTBUSD,ANT to BUSD,,04/23/2021,crypto,US,BUSD,TRUE
ANTUSDT,ANT to USDT,,04/23/2021,crypto,US,USDT,TRUE
CRVBNB,CRV to BNB,,04/23/2021,crypto,US,BNB,TRUE
CRVBTC,CRV to BTC,,04/23/2021,crypto,US,BTC,TRUE
CRVBUSD,CRV to BUSD,,04/23/2021,crypto,US,BUSD,TRUE
CRVUSDT,CRV to USDT,,04/23/2021,crypto,US,USDT,TRUE
SANDBNB,SAND to BNB,,04/23/2021,crypto,US,BNB,TRUE
SANDBTC,SAND to BTC,,04/23/2021,crypto,US,BTC,TRUE
SANDUSDT,SAND to USDT,,04/23/2021,crypto,US,USDT,TRUE
SANDBUSD,SAND to BUSD,,04/23/2021,crypto,US,BUSD,TRUE
OCEANBNB,OCEAN to BNB,,04/23/2021,crypto,US,BNB,TRUE
OCEANBTC,OCEAN to BTC,,04/23/2021,crypto,US,BTC,TRUE
OCEANBUSD,OCEAN to BUSD,,04/23/2021,crypto,US,BUSD,TRUE
OCEANUSDT,OCEAN to USDT,,04/23/2021,crypto,US,USDT,TRUE
NMRBNB,NMR to BNB,,04/23/2021,crypto,US,BNB,TRUE
NMRBTC,NMR to BTC,,04/23/2021,crypto,US,BTC,TRUE
NMRBUSD,NMR to BUSD,,04/23/2021,crypto,US,BUSD,TRUE
NMRUSDT,NMR to USDT,,04/23/2021,crypto,US,USDT,TRUE
DOTBNB,DOT to BNB,,04/23/2021,crypto,US,BNB,TRUE
DOTBTC,DOT to BTC,,04/23/2021,crypto,US,BTC,TRUE
DOTBUSD,DOT to BUSD,,04/23/2021,crypto,US,BUSD,TRUE
DOTUSDT,DOT to USDT,,04/23/2021,crypto,US,USDT,TRUE
LUNABNB,LUNA to BNB,,04/23/2021,crypto,US,BNB,TRUE
LUNABTC,LUNA to BTC,,04/23/2021,crypto,US,BTC,TRUE
LUNABUSD,LUNA to BUSD,,04/23/2021,crypto,US,BUSD,TRUE
LUNAUSDT,LUNA to USDT,,04/23/2021,crypto,US,USDT,TRUE
IDEXBTC,IDEX to BTC,,04/23/2021,crypto,US,BTC,TRUE
IDEXBUSD,IDEX to BUSD,,04/23/2021,crypto,US,BUSD,TRUE
RSRBNB,RSR to BNB,,04/23/2021,crypto,US,BNB,TRUE
RSRBTC,RSR to BTC,,04/23/2021,crypto,US,BTC,TRUE
RSRBUSD,RSR to BUSD,,04/23/2021,crypto,US,BUSD,TRUE
RSRUSDT,RSR to USDT,,04/23/2021,crypto,US,USDT,TRUE
PAXGBNB,PAXG to BNB,,04/23/2021,crypto,US,BNB,TRUE
PAXGBTC,PAXG to BTC,,04/23/2021,crypto,US,BTC,TRUE
PAXGBUSD,PAXG to BUSD,,04/23/2021,crypto,US,BUSD,TRUE
PAXGUSDT,PAXG to USDT,,04/23/2021,crypto,US,USDT,TRUE
WNXMBNB,WNXM to BNB,,04/23/2021,crypto,US,BNB,TRUE
WNXMBTC,WNXM to BTC,,04/23/2021,crypto,US,BTC,TRUE
WNXMBUSD,WNXM to BUSD,,04/23/2021,crypto,US,BUSD,TRUE
WNXMUSDT,WNXM to USDT,,04/23/2021,crypto,US,USDT,TRUE
TRBBNB,TRB to BNB,,04/23/2021,crypto,US,BNB,TRUE
TRBBTC,TRB to BTC,,04/23/2021,crypto,US,BTC,TRUE
TRBBUSD,TRB to BUSD,,04/23/2021,crypto,US,BUSD,TRUE
TRBUSDT,TRB to USDT,,04/23/2021,crypto,US,USDT,TRUE
ETHNGN,ETH to NGN,,04/23/2021,crypto,US,NGN,TRUE
DOTBIDR,DOT to BIDR,,04/23/2021,crypto,US,BIDR,TRUE
LINKAUD,LINK to AUD,,04/23/2021,crypto,US,AUD,TRUE
SXPAUD,SXP to AUD,,04/23/2021,crypto,US,AUD,TRUE
BZRXBNB,BZRX to BNB,,04/23/2021,crypto,US,BNB,TRUE
BZRXBTC,BZRX to BTC,,04/23/2021,crypto,US,BTC,TRUE
BZRXBUSD,BZRX to BUSD,,04/23/2021,crypto,US,BUSD,TRUE
BZRXUSDT,BZRX to USDT,,04/23/2021,crypto,US,USDT,TRUE
WBTCBTC,WBTC to BTC,,04/23/2021,crypto,US,BTC,TRUE
WBTCETH,WBTC to ETH,,04/23/2021,crypto,US,ETH,TRUE
SUSHIBNB,SUSHI to BNB,,04/23/2021,crypto,US,BNB,TRUE
SUSHIBTC,SUSHI to BTC,,04/23/2021,crypto,US,BTC,TRUE
SUSHIBUSD,SUSHI to BUSD,,04/23/2021,crypto,US,BUSD,TRUE
SUSHIUSDT,SUSHI to USDT,,04/23/2021,crypto,US,USDT,TRUE
YFIIBNB,YFII to BNB,,04/23/2021,crypto,US,BNB,TRUE
YFIIBTC,YFII to BTC,,04/23/2021,crypto,US,BTC,TRUE
YFIIBUSD,YFII to BUSD,,04/23/2021,crypto,US,BUSD,TRUE
YFIIUSDT,YFII to USDT,,04/23/2021,crypto,US,USDT,TRUE
KSMBNB,KSM to BNB,,04/23/2021,crypto,US,BNB,TRUE
KSMBTC,KSM to BTC,,04/23/2021,crypto,US,BTC,TRUE
KSMBUSD,KSM to BUSD,,04/23/2021,crypto,US,BUSD,TRUE
KSMUSDT,KSM to USDT,,04/23/2021,crypto,US,USDT,TRUE
EGLDBNB,EGLD to BNB,,04/23/2021,crypto,US,BNB,TRUE
EGLDBTC,EGLD to BTC,,04/23/2021,crypto,US,BTC,TRUE
EGLDBUSD,EGLD to BUSD,,04/23/2021,crypto,US,BUSD,TRUE
EGLDUSDT,EGLD to USDT,,04/23/2021,crypto,US,USDT,TRUE
DIABNB,DIA to BNB,,04/23/2021,crypto,US,BNB,TRUE
DIABTC,DIA to BTC,,04/23/2021,crypto,US,BTC,TRUE
DIABUSD,DIA to BUSD,,04/23/2021,crypto,US,BUSD,TRUE
DIAUSDT,DIA to USDT,,04/23/2021,crypto,US,USDT,TRUE
RUNEUSDT,RUNE to USDT,,04/23/2021,crypto,US,USDT,TRUE
FIOUSDT,FIO to USDT,,04/23/2021,crypto,US,USDT,TRUE
UMABTC,UMA to BTC,,04/23/2021,crypto,US,BTC,TRUE
UMAUSDT,UMA to USDT,,04/23/2021,crypto,US,USDT,TRUE
EOSUPUSDT,EOSUP to USDT,,04/23/2021,crypto,US,USDT,TRUE
EOSDOWNUSDT,EOSDOWN to USDT,,04/23/2021,crypto,US,USDT,TRUE
TRXUPUSDT,TRXUP to USDT,,04/23/2021,crypto,US,USDT,TRUE
TRXDOWNUSDT,TRXDOWN to USDT,,04/23/2021,crypto,US,USDT,TRUE
XRPUPUSDT,XRPUP to USDT,,04/23/2021,crypto,US,USDT,TRUE
XRPDOWNUSDT,XRPDOWN to USDT,,04/23/2021,crypto,US,USDT,TRUE
DOTUPUSDT,DOTUP to USDT,,04/23/2021,crypto,US,USDT,TRUE
DOTDOWNUSDT,DOTDOWN to USDT,,04/23/2021,crypto,US,USDT,TRUE
SRMBIDR,SRM to BIDR,,04/23/2021,crypto,US,BIDR,TRUE
ONEBIDR,ONE to BIDR,,04/23/2021,crypto,US,BIDR,TRUE
LINKTRY,LINK to TRY,,04/23/2021,crypto,US,TRY,TRUE
USDTNGN,USDT to NGN,,04/23/2021,crypto,US,NGN,TRUE
BELBNB,BEL to BNB,,04/23/2021,crypto,US,BNB,TRUE
BELBTC,BEL to BTC,,04/23/2021,crypto,US,BTC,TRUE
BELBUSD,BEL to BUSD,,04/23/2021,crypto,US,BUSD,TRUE
BELUSDT,BEL to USDT,,04/23/2021,crypto,US,USDT,TRUE
WINGBNB,WING to BNB,,04/23/2021,crypto,US,BNB,TRUE
WINGBTC,WING to BTC,,04/23/2021,crypto,US,BTC,TRUE
SWRVBNB,SWRV to BNB,,04/23/2021,crypto,US,BNB,TRUE
SWRVBUSD,SWRV to BUSD,,04/23/2021,crypto,US,BUSD,TRUE
WINGBUSD,WING to BUSD,,04/23/2021,crypto,US,BUSD,TRUE
WINGUSDT,WING to USDT,,04/23/2021,crypto,US,USDT,TRUE
LTCUPUSDT,LTCUP to USDT,,04/23/2021,crypto,US,USDT,TRUE
LTCDOWNUSDT,LTCDOWN to USDT,,04/23/2021,crypto,US,USDT,TRUE
LENDBKRW,LEND to BKRW,,04/23/2021,crypto,US,BKRW,TRUE
SXPEUR,SXP to EUR,,04/23/2021,crypto,US,EUR,TRUE
CREAMBNB,CREAM to BNB,,04/23/2021,crypto,US,BNB,TRUE
CREAMBUSD,CREAM to BUSD,,04/23/2021,crypto,US,BUSD,TRUE
UNIBNB,UNI to BNB,,04/23/2021,crypto,US,BNB,TRUE
UNIBTC,UNI to BTC,,04/23/2021,crypto,US,BTC,TRUE
UNIBUSD,UNI to BUSD,,04/23/2021,crypto,US,BUSD,TRUE
UNIUSDT,UNI to USDT,,04/23/2021,crypto,US,USDT,TRUE
NBSBTC,NBS to BTC,,04/23/2021,crypto,US,BTC,TRUE
NBSUSDT,NBS to USDT,,04/23/2021,crypto,US,USDT,TRUE
OXTBTC,OXT to BTC,,04/23/2021,crypto,US,BTC,TRUE
OXTUSDT,OXT to USDT,,04/23/2021,crypto,US,USDT,TRUE
SUNBTC,SUN to BTC,,04/23/2021,crypto,US,BTC,TRUE
SUNUSDT,SUN to USDT,,04/23/2021,crypto,US,USDT,TRUE
AVAXBNB,AVAX to BNB,,04/23/2021,crypto,US,BNB,TRUE
AVAXBTC,AVAX to BTC,,04/23/2021,crypto,US,BTC,TRUE
AVAXBUSD,AVAX to BUSD,,04/23/2021,crypto,US,BUSD,TRUE
AVAXUSDT,AVAX to USDT,,04/23/2021,crypto,US,USDT,TRUE
HNTBTC,HNT to BTC,,04/23/2021,crypto,US,BTC,TRUE
HNTUSDT,HNT to USDT,,04/23/2021,crypto,US,USDT,TRUE
BAKEBNB,BAKE to BNB,,04/23/2021,crypto,US,BNB,TRUE
BURGERBNB,BURGER to BNB,,04/23/2021,crypto,US,BNB,TRUE
SXPBIDR,SXP to BIDR,,04/23/2021,crypto,US,BIDR,TRUE
LINKBKRW,LINK to BKRW,,04/23/2021,crypto,US,BKRW,TRUE
FLMBNB,FLM to BNB,,04/23/2021,crypto,US,BNB,TRUE
FLMBTC,FLM to BTC,,04/23/2021,crypto,US,BTC,TRUE
FLMBUSD,FLM to BUSD,,04/23/2021,crypto,US,BUSD,TRUE
FLMUSDT,FLM to USDT,,04/23/2021,crypto,US,USDT,TRUE
SCRTBTC,SCRT to BTC,,04/23/2021,crypto,US,BTC,TRUE
SCRTETH,SCRT to ETH,,04/23/2021,crypto,US,ETH,TRUE
CAKEBNB,CAKE to BNB,,04/23/2021,crypto,US,BNB,TRUE
CAKEBUSD,CAKE to BUSD,,04/23/2021,crypto,US,BUSD,TRUE
SPARTABNB,SPARTA to BNB,,04/23/2021,crypto,US,BNB,TRUE
UNIUPUSDT,UNIUP to USDT,,04/23/2021,crypto,US,USDT,TRUE
UNIDOWNUSDT,UNIDOWN to USDT,,04/23/2021,crypto,US,USDT,TRUE
ORNBTC,ORN to BTC,,04/23/2021,crypto,US,BTC,TRUE
ORNUSDT,ORN to USDT,,04/23/2021,crypto,US,USDT,TRUE
TRXNGN,TRX to NGN,,04/23/2021,crypto,US,NGN,TRUE
SXPTRY,SXP to TRY,,04/23/2021,crypto,US,TRY,TRUE
UTKBTC,UTK to BTC,,04/23/2021,crypto,US,BTC,TRUE
UTKUSDT,UTK to USDT,,04/23/2021,crypto,US,USDT,TRUE
XVSBNB,XVS to BNB,,04/23/2021,crypto,US,BNB,TRUE
XVSBTC,XVS to BTC,,04/23/2021,crypto,US,BTC,TRUE
XVSBUSD,XVS to BUSD,,04/23/2021,crypto,US,BUSD,TRUE
XVSUSDT,XVS to USDT,,04/23/2021,crypto,US,USDT,TRUE
ALPHABNB,ALPHA to BNB,,04/23/2021,crypto,US,BNB,TRUE
ALPHABTC,ALPHA to BTC,,04/23/2021,crypto,US,BTC,TRUE
ALPHABUSD,ALPHA to BUSD,,04/23/2021,crypto,US,BUSD,TRUE
ALPHAUSDT,ALPHA to USDT,,04/23/2021,crypto,US,USDT,TRUE
VIDTBTC,VIDT to BTC,,04/23/2021,crypto,US,BTC,TRUE
VIDTBUSD,VIDT to BUSD,,04/23/2021,crypto,US,BUSD,TRUE
AAVEBNB,AAVE to BNB,,04/23/2021,crypto,US,BNB,TRUE
BTCBRL,BTC to BRL,,04/23/2021,crypto,US,BRL,TRUE
USDTBRL,USDT to BRL,,04/23/2021,crypto,US,BRL,TRUE
AAVEBTC,AAVE to BTC,,04/23/2021,crypto,US,BTC,TRUE
AAVEETH,AAVE to ETH,,04/23/2021,crypto,US,ETH,TRUE
AAVEBUSD,AAVE to BUSD,,04/23/2021,crypto,US,BUSD,TRUE
AAVEUSDT,AAVE to USDT,,04/23/2021,crypto,US,USDT,TRUE
AAVEBKRW,AAVE to BKRW,,04/23/2021,crypto,US,BKRW,TRUE
NEARBNB,NEAR to BNB,,04/23/2021,crypto,US,BNB,TRUE
NEARBTC,NEAR to BTC,,04/23/2021,crypto,US,BTC,TRUE
NEARBUSD,NEAR to BUSD,,04/23/2021,crypto,US,BUSD,TRUE
NEARUSDT,NEAR to USDT,,04/23/2021,crypto,US,USDT,TRUE
SXPUPUSDT,SXPUP to USDT,,04/23/2021,crypto,US,USDT,TRUE
SXPDOWNUSDT,SXPDOWN to USDT,,04/23/2021,crypto,US,USDT,TRUE
DOTBKRW,DOT to BKRW,,04/23/2021,crypto,US,BKRW,TRUE
SXPGBP,SXP to GBP,,04/23/2021,crypto,US,GBP,TRUE
FILBNB,FIL to BNB,,04/23/2021,crypto,US,BNB,TRUE
FILBTC,FIL to BTC,,04/23/2021,crypto,US,BTC,TRUE
FILBUSD,FIL to BUSD,,04/23/2021,crypto,US,BUSD,TRUE
FILUSDT,FIL to USDT,,04/23/2021,crypto,US,USDT,TRUE
FILUPUSDT,FILUP to USDT,,04/23/2021,crypto,US,USDT,TRUE
FILDOWNUSDT,FILDOWN to USDT,,04/23/2021,crypto,US,USDT,TRUE
YFIUPUSDT,YFIUP to USDT,,04/23/2021,crypto,US,USDT,TRUE
YFIDOWNUSDT,YFIDOWN to USDT,,04/23/2021,crypto,US,USDT,TRUE
INJBNB,INJ to BNB,,04/23/2021,crypto,US,BNB,TRUE
INJBTC,INJ to BTC,,04/23/2021,crypto,US,BTC,TRUE
INJBUSD,INJ to BUSD,,04/23/2021,crypto,US,BUSD,TRUE
INJUSDT,INJ to USDT,,04/23/2021,crypto,US,USDT,TRUE
AERGOBTC,AERGO to BTC,,04/23/2021,crypto,US,BTC,TRUE
AERGOBUSD,AERGO to BUSD,,04/23/2021,crypto,US,BUSD,TRUE
LINKEUR,LINK to EUR,,04/23/2021,crypto,US,EUR,TRUE
ONEBUSD,ONE to BUSD,,04/23/2021,crypto,US,BUSD,TRUE
EASYETH,EASY to ETH,,04/23/2021,crypto,US,ETH,TRUE
AUDIOBTC,AUDIO to BTC,,04/23/2021,crypto,US,BTC,TRUE
AUDIOBUSD,AUDIO to BUSD,,04/23/2021,crypto,US,BUSD,TRUE
AUDIOUSDT,AUDIO to USDT,,04/23/2021,crypto,US,USDT,TRUE
CTKBNB,CTK to BNB,,04/23/2021,crypto,US,BNB,TRUE
CTKBTC,CTK to BTC,,04/23/2021,crypto,US,BTC,TRUE
CTKBUSD,CTK to BUSD,,04/23/2021,crypto,US,BUSD,TRUE
CTKUSDT,CTK to USDT,,04/23/2021,crypto,US,USDT,TRUE
BCHUPUSDT,BCHUP to USDT,,04/23/2021,crypto,US,USDT,TRUE
BCHDOWNUSDT,BCHDOWN to USDT,,04/23/2021,crypto,US,USDT,TRUE
BOTBTC,BOT to BTC,,04/23/2021,crypto,US,BTC,TRUE
BOTBUSD,BOT to BUSD,,04/23/2021,crypto,US,BUSD,TRUE
ETHBRL,ETH to BRL,,04/23/2021,crypto,US,BRL,TRUE
DOTEUR,DOT to EUR,,04/23/2021,crypto,US,EUR,TRUE
AKROBTC,AKRO to BTC,,04/23/2021,crypto,US,BTC,TRUE
AKROUSDT,AKRO to USDT,,04/23/2021,crypto,US,USDT,TRUE
KP3RBNB,KP3R to BNB,,04/23/2021,crypto,US,BNB,TRUE
KP3RBUSD,KP3R to BUSD,,04/23/2021,crypto,US,BUSD,TRUE
AXSBNB,AXS to BNB,,04/23/2021,crypto,US,BNB,TRUE
AXSBTC,AXS to BTC,,04/23/2021,crypto,US,BTC,TRUE
AXSBUSD,AXS to BUSD,,04/23/2021,crypto,US,BUSD,TRUE
AXSUSDT,AXS to USDT,,04/23/2021,crypto,US,USDT,TRUE
HARDBNB,HARD to BNB,,04/23/2021,crypto,US,BNB,TRUE
HARDBTC,HARD to BTC,,04/23/2021,crypto,US,BTC,TRUE
HARDBUSD,HARD to BUSD,,04/23/2021,crypto,US,BUSD,TRUE
HARDUSDT,HARD to USDT,,04/23/2021,crypto,US,USDT,TRUE
BNBBRL,BNB to BRL,,04/23/2021,crypto,US,BRL,TRUE
LTCEUR,LTC to EUR,,04/23/2021,crypto,US,EUR,TRUE
RENBTCBTC,RENBTC to BTC,,04/23/2021,crypto,US,BTC,TRUE
RENBTCETH,RENBTC to ETH,,04/23/2021,crypto,US,ETH,TRUE
DNTBUSD,DNT to BUSD,,04/23/2021,crypto,US,BUSD,TRUE
DNTUSDT,DNT to USDT,,04/23/2021,crypto,US,USDT,TRUE
SLPETH,SLP to ETH,,04/23/2021,crypto,US,ETH,TRUE
ADAEUR,ADA to EUR,,04/23/2021,crypto,US,EUR,TRUE
LTCNGN,LTC to NGN,,04/23/2021,crypto,US,NGN,TRUE
CVPETH,CVP to ETH,,04/23/2021,crypto,US,ETH,TRUE
CVPBUSD,CVP to BUSD,,04/23/2021,crypto,US,BUSD,TRUE
STRAXBTC,STRAX to BTC,,04/23/2021,crypto,US,BTC,TRUE
STRAXETH,STRAX to ETH,,04/23/2021,crypto,US,ETH,TRUE
STRAXBUSD,STRAX to BUSD,,04/23/2021,crypto,US,BUSD,TRUE
STRAXUSDT,STRAX to USDT,,04/23/2021,crypto,US,USDT,TRUE
FORBTC,FOR to BTC,,04/23/2021,crypto,US,BTC,TRUE
FORBUSD,FOR to BUSD,,04/23/2021,crypto,US,BUSD,TRUE
UNFIBNB,UNFI to BNB,,04/23/2021,crypto,US,BNB,TRUE
UNFIBTC,UNFI to BTC,,04/23/2021,crypto,US,BTC,TRUE
UNFIBUSD,UNFI to BUSD,,04/23/2021,crypto,US,BUSD,TRUE
UNFIUSDT,UNFI to USDT,,04/23/2021,crypto,US,USDT,TRUE
FRONTETH,FRONT to ETH,,04/23/2021,crypto,US,ETH,TRUE
FRONTBUSD,FRONT to BUSD,,04/23/2021,crypto,US,BUSD,TRUE
BCHABUSD,BCHA to BUSD,,04/23/2021,crypto,US,BUSD,TRUE
ROSEBTC,ROSE to BTC,,04/23/2021,crypto,US,BTC,TRUE
ROSEBUSD,ROSE to BUSD,,04/23/2021,crypto,US,BUSD,TRUE
ROSEUSDT,ROSE to USDT,,04/23/2021,crypto,US,USDT,TRUE
AVAXTRY,AVAX to TRY,,04/23/2021,crypto,US,TRY,TRUE
BUSDBRL,BUSD to BRL,,04/23/2021,crypto,US,BRL,TRUE
AVAUSDT,AVA to USDT,,04/23/2021,crypto,US,USDT,TRUE
SYSBUSD,SYS to BUSD,,04/23/2021,crypto,US,BUSD,TRUE
XEMUSDT,XEM to USDT,,04/23/2021,crypto,US,USDT,TRUE
HEGICETH,HEGIC to ETH,,04/23/2021,crypto,US,ETH,TRUE
HEGICBUSD,HEGIC to BUSD,,04/23/2021,crypto,US,BUSD,TRUE
AAVEUPUSDT,AAVEUP to USDT,,04/23/2021,crypto,US,USDT,TRUE
AAVEDOWNUSDT,AAVEDOWN to USDT,,04/23/2021,crypto,US,USDT,TRUE
PROMBNB,PROM to BNB,,04/23/2021,crypto,US,BNB,TRUE
PROMBUSD,PROM to BUSD,,04/23/2021,crypto,US,BUSD,TRUE
XRPBRL,XRP to BRL,,04/23/2021,crypto,US,BRL,TRUE
XRPNGN,XRP to NGN,,04/23/2021,crypto,US,NGN,TRUE
SKLBTC,SKL to BTC,,04/23/2021,crypto,US,BTC,TRUE
SKLBUSD,SKL to BUSD,,04/23/2021,crypto,US,BUSD,TRUE
SKLUSDT,SKL to USDT,,04/23/2021,crypto,US,USDT,TRUE
BCHEUR,BCH to EUR,,04/23/2021,crypto,US,EUR,TRUE
YFIEUR,YFI to EUR,,04/23/2021,crypto,US,EUR,TRUE
ZILBIDR,ZIL to BIDR,,04/23/2021,crypto,US,BIDR,TRUE
SUSDBTC,SUSD to BTC,,04/23/2021,crypto,US,BTC,TRUE
SUSDETH,SUSD to ETH,,04/23/2021,crypto,US,ETH,TRUE
SUSDUSDT,SUSD to USDT,,04/23/2021,crypto,US,USDT,TRUE
COVERETH,COVER to ETH,,04/23/2021,crypto,US,ETH,TRUE
COVERBUSD,COVER to BUSD,,04/23/2021,crypto,US,BUSD,TRUE
GLMBTC,GLM to BTC,,04/23/2021,crypto,US,BTC,TRUE
GLMETH,GLM to ETH,,04/23/2021,crypto,US,ETH,TRUE
GHSTETH,GHST to ETH,,04/23/2021,crypto,US,ETH,TRUE
GHSTBUSD,GHST to BUSD,,04/23/2021,crypto,US,BUSD,TRUE
SUSHIUPUSDT,SUSHIUP to USDT,,04/23/2021,crypto,US,USDT,TRUE
SUSHIDOWNUSDT,SUSHIDOWN to USDT,,04/23/2021,crypto,US,USDT,TRUE
XLMUPUSDT,XLMUP to USDT,,04/23/2021,crypto,US,USDT,TRUE
XLMDOWNUSDT,XLMDOWN to USDT,,04/23/2021,crypto,US,USDT,TRUE
LINKBRL,LINK to BRL,,04/23/2021,crypto,US,BRL,TRUE
LINKNGN,LINK to NGN,,04/23/2021,crypto,US,NGN,TRUE
LTCRUB,LTC to RUB,,04/23/2021,crypto,US,RUB,TRUE
TRXTRY,TRX to TRY,,04/23/2021,crypto,US,TRY,TRUE
XLMEUR,XLM to EUR,,04/23/2021,crypto,US,EUR,TRUE
DFETH,DF to ETH,,04/23/2021,crypto,US,ETH,TRUE
DFBUSD,DF to BUSD,,04/23/2021,crypto,US,BUSD,TRUE
GRTBTC,GRT to BTC,,04/23/2021,crypto,US,BTC,TRUE
GRTETH,GRT to ETH,,04/23/2021,crypto,US,ETH,TRUE
GRTUSDT,GRT to USDT,,04/23/2021,crypto,US,USDT,TRUE
JUVBTC,JUV to BTC,,04/23/2021,crypto,US,BTC,TRUE
JUVBUSD,JUV to BUSD,,04/23/2021,crypto,US,BUSD,TRUE
JUVUSDT,JUV to USDT,,04/23/2021,crypto,US,USDT,TRUE
PSGBTC,PSG to BTC,,04/23/2021,crypto,US,BTC,TRUE
PSGBUSD,PSG to BUSD,,04/23/2021,crypto,US,BUSD,TRUE
PSGUSDT,PSG to USDT,,04/23/2021,crypto,US,USDT,TRUE
BUSDBVND,BUSD to BVND,,04/23/2021,crypto,US,BVND,TRUE
USDTBVND,USDT to BVND,,04/23/2021,crypto,US,BVND,TRUE
1INCHBTC,1INCH to BTC,,04/23/2021,crypto,US,BTC,TRUE
1INCHUSDT,1INCH to USDT,,04/23/2021,crypto,US,USDT,TRUE
REEFBTC,REEF to BTC,,04/23/2021,crypto,US,BTC,TRUE
REEFUSDT,REEF to USDT,,04/23/2021,crypto,US,USDT,TRUE
OGBTC,OG to BTC,,04/23/2021,crypto,US,BTC,TRUE
OGUSDT,OG to USDT,,04/23/2021,crypto,US,USDT,TRUE
ATMBTC,ATM to BTC,,04/23/2021,crypto,US,BTC,TRUE
ATMUSDT,ATM to USDT,,04/23/2021,crypto,US,USDT,TRUE
ASRBTC,ASR to BTC,,04/23/2021,crypto,US,BTC,TRUE
ASRUSDT,ASR to USDT,,04/23/2021,crypto,US,USDT,TRUE
CELOBTC,CELO to BTC,,04/23/2021,crypto,US,BTC,TRUE
CELOUSDT,CELO to USDT,,04/23/2021,crypto,US,USDT,TRUE
RIFBTC,RIF to BTC,,04/23/2021,crypto,US,BTC,TRUE
RIFUSDT,RIF to USDT,,04/23/2021,crypto,US,USDT,TRUE
CHZTRY,CHZ to TRY,,04/23/2021,crypto,US,TRY,TRUE
XLMTRY,XLM to TRY,,04/23/2021,crypto,US,TRY,TRUE
LINKGBP,LINK to GBP,,04/23/2021,crypto,US,GBP,TRUE
GRTEUR,GRT to EUR,,04/23/2021,crypto,US,EUR,TRUE
BTCSTBTC,BTCST to BTC,,04/23/2021,crypto,US,BTC,TRUE
BTCSTBUSD,BTCST to BUSD,,04/23/2021,crypto,US,BUSD,TRUE
BTCSTUSDT,BTCST to USDT,,04/23/2021,crypto,US,USDT,TRUE
TRUBTC,TRU to BTC,,04/23/2021,crypto,US,BTC,TRUE
TRUBUSD,TRU to BUSD,,04/23/2021,crypto,US,BUSD,TRUE
TRUUSDT,TRU to USDT,,04/23/2021,crypto,US,USDT,TRUE
DEXEETH,DEXE to ETH,,04/23/2021,crypto,US,ETH,TRUE
DEXEBUSD,DEXE to BUSD,,04/23/2021,crypto,US,BUSD,TRUE
EOSEUR,EOS to EUR,,04/23/2021,crypto,US,EUR,TRUE
LTCBRL,LTC to BRL,,04/23/2021,crypto,US,BRL,TRUE
USDCBUSD,USDC to BUSD,,04/23/2021,crypto,US,BUSD,TRUE
TUSDBUSD,TUSD to BUSD,,04/23/2021,crypto,US,BUSD,TRUE
PAXBUSD,PAX to BUSD,,04/23/2021,crypto,US,BUSD,TRUE
CKBBTC,CKB to BTC,,04/23/2021,crypto,US,BTC,TRUE
CKBBUSD,CKB to BUSD,,04/23/2021,crypto,US,BUSD,TRUE
CKBUSDT,CKB to USDT,,04/23/2021,crypto,US,USDT,TRUE
TWTBTC,TWT to BTC,,04/23/2021,crypto,US,BTC,TRUE
TWTBUSD,TWT to BUSD,,04/23/2021,crypto,US,BUSD,TRUE
TWTUSDT,TWT to USDT,,04/23/2021,crypto,US,USDT,TRUE
FIROBTC,FIRO to BTC,,04/23/2021,crypto,US,BTC,TRUE
FIROETH,FIRO to ETH,,04/23/2021,crypto,US,ETH,TRUE
FIROUSDT,FIRO to USDT,,04/23/2021,crypto,US,USDT,TRUE
BETHETH,BETH to ETH,,04/23/2021,crypto,US,ETH,TRUE
DOGEEUR,DOGE to EUR,,04/23/2021,crypto,US,EUR,TRUE
DOGETRY,DOGE to TRY,,04/23/2021,crypto,US,TRY,TRUE
DOGEAUD,DOGE to AUD,,04/23/2021,crypto,US,AUD,TRUE
DOGEBRL,DOGE to BRL,,04/23/2021,crypto,US,BRL,TRUE
DOTNGN,DOT to NGN,,04/23/2021,crypto,US,NGN,TRUE
PROSETH,PROS to ETH,,04/23/2021,crypto,US,ETH,TRUE
LITBTC,LIT to BTC,,04/23/2021,crypto,US,BTC,TRUE
LITBUSD,LIT to BUSD,,04/23/2021,crypto,US,BUSD,TRUE
LITUSDT,LIT to USDT,,04/23/2021,crypto,US,USDT,TRUE
BTCVAI,BTC to VAI,,04/23/2021,crypto,US,VAI,TRUE
BUSDVAI,BUSD to VAI,,04/23/2021,crypto,US,VAI,TRUE
SFPBTC,SFP to BTC,,04/23/2021,crypto,US,BTC,TRUE
SFPBUSD,SFP to BUSD,,04/23/2021,crypto,US,BUSD,TRUE
SFPUSDT,SFP to USDT,,04/23/2021,crypto,US,USDT,TRUE
DOGEGBP,DOGE to GBP,,04/23/2021,crypto,US,GBP,TRUE
DOTTRY,DOT to TRY,,04/23/2021,crypto,US,TRY,TRUE
FXSBTC,FXS to BTC,,04/23/2021,crypto,US,BTC,TRUE
FXSBUSD,FXS to BUSD,,04/23/2021,crypto,US,BUSD,TRUE
DODOBTC,DODO to BTC,,04/23/2021,crypto,US,BTC,TRUE
DODOBUSD,DODO to BUSD,,04/23/2021,crypto,US,BUSD,TRUE
DODOUSDT,DODO to USDT,,04/23/2021,crypto,US,USDT,TRUE
FRONTBTC,FRONT to BTC,,04/23/2021,crypto,US,BTC,TRUE
EASYBTC,EASY to BTC,,04/23/2021,crypto,US,BTC,TRUE
CAKEBTC,CAKE to BTC,,04/23/2021,crypto,US,BTC,TRUE
CAKEUSDT,CAKE to USDT,,04/23/2021,crypto,US,USDT,TRUE
BAKEBUSD,BAKE to BUSD,,04/23/2021,crypto,US,BUSD,TRUE
UFTETH,UFT to ETH,,04/23/2021,crypto,US,ETH,TRUE
UFTBUSD,UFT to BUSD,,04/23/2021,crypto,US,BUSD,TRUE
1INCHBUSD,1INCH to BUSD,,04/23/2021,crypto,US,BUSD,TRUE
BANDBUSD,BAND to BUSD,,04/23/2021,crypto,US,BUSD,TRUE
GRTBUSD,GRT to BUSD,,04/23/2021,crypto,US,BUSD,TRUE
IOSTBUSD,IOST to BUSD,,04/23/2021,crypto,US,BUSD,TRUE
OMGBUSD,OMG to BUSD,,04/23/2021,crypto,US,BUSD,TRUE
REEFBUSD,REEF to BUSD,,04/23/2021,crypto,US,BUSD,TRUE
ACMBTC,ACM to BTC,,04/23/2021,crypto,US,BTC,TRUE
ACMBUSD,ACM to BUSD,,04/23/2021,crypto,US,BUSD,TRUE
ACMUSDT,ACM to USDT,,04/23/2021,crypto,US,USDT,TRUE
AUCTIONBTC,AUCTION to BTC,,04/23/2021,crypto,US,BTC,TRUE
AUCTIONBUSD,AUCTION to BUSD,,04/23/2021,crypto,US,BUSD,TRUE
PHABTC,PHA to BTC,,04/23/2021,crypto,US,BTC,TRUE
PHABUSD,PHA to BUSD,,04/23/2021,crypto,US,BUSD,TRUE
DOTGBP,DOT to GBP,,04/23/2021,crypto,US,GBP,TRUE
ADATRY,ADA to TRY,,04/23/2021,crypto,US,TRY,TRUE
ADABRL,ADA to BRL,,04/23/2021,crypto,US,BRL,TRUE
ADAGBP,ADA to GBP,,04/23/2021,crypto,US,GBP,TRUE
TVKBTC,TVK to BTC,,04/23/2021,crypto,US,BTC,TRUE
TVKBUSD,TVK to BUSD,,04/23/2021,crypto,US,BUSD,TRUE
BADGERBTC,BADGER to BTC,,04/23/2021,crypto,US,BTC,TRUE
BADGERBUSD,BADGER to BUSD,,04/23/2021,crypto,US,BUSD,TRUE
BADGERUSDT,BADGER to USDT,,04/23/2021,crypto,US,USDT,TRUE
FISBTC,FIS to BTC,,04/23/2021,crypto,US,BTC,TRUE
FISBUSD,FIS to BUSD,,04/23/2021,crypto,US,BUSD,TRUE
FISUSDT,FIS to USDT,,04/23/2021,crypto,US,USDT,TRUE
DOTBRL,DOT to BRL,,04/23/2021,crypto,US,BRL,TRUE
ADAAUD,ADA to AUD,,04/23/2021,crypto,US,AUD,TRUE
HOTTRY,HOT to TRY,,04/23/2021,crypto,US,TRY,TRUE
EGLDEUR,EGLD to EUR,,04/23/2021,crypto,US,EUR,TRUE
OMBTC,OM to BTC,,04/23/2021,crypto,US,BTC,TRUE
OMBUSD,OM to BUSD,,04/23/2021,crypto,US,BUSD,TRUE
OMUSDT,OM to USDT,,04/23/2021,crypto,US,USDT,TRUE
PONDBTC,POND to BTC,,04/23/2021,crypto,US,BTC,TRUE
PONDBUSD,POND to BUSD,,04/23/2021,crypto,US,BUSD,TRUE
PONDUSDT,POND to USDT,,04/23/2021,crypto,US,USDT,TRUE
DEGOBTC,DEGO to BTC,,04/23/2021,crypto,US,BTC,TRUE
DEGOBUSD,DEGO to BUSD,,04/23/2021,crypto,US,BUSD,TRUE
DEGOUSDT,DEGO to USDT,,04/23/2021,crypto,US,USDT,TRUE
AVAXEUR,AVAX to EUR,,04/23/2021,crypto,US,EUR,TRUE
BTTTRY,BTT to TRY,,04/23/2021,crypto,US,TRY,TRUE
CHZBRL,CHZ to BRL,,04/23/2021,crypto,US,BRL,TRUE
UNIEUR,UNI to EUR,,04/23/2021,crypto,US,EUR,TRUE
ALICEBTC,ALICE to BTC,,04/23/2021,crypto,US,BTC,TRUE
ALICEBUSD,ALICE to BUSD,,04/23/2021,crypto,US,BUSD,TRUE
ALICEUSDT,ALICE to USDT,,04/23/2021,crypto,US,USDT,TRUE
CHZBUSD,CHZ to BUSD,,04/23/2021,crypto,US,BUSD,TRUE
CHZEUR,CHZ to EUR,,04/23/2021,crypto,US,EUR,TRUE
CHZGBP,CHZ to GBP,,04/23/2021,crypto,US,GBP,TRUE
BIFIBNB,BIFI to BNB,,04/23/2021,crypto,US,BNB,TRUE
BIFIBUSD,BIFI to BUSD,,04/23/2021,crypto,US,BUSD,TRUE
LINABTC,LINA to BTC,,04/23/2021,crypto,US,BTC,TRUE
LINABUSD,LINA to BUSD,,04/23/2021,crypto,US,BUSD,TRUE
LINAUSDT,LINA to USDT,,04/23/2021,crypto,US,USDT,TRUE
ADARUB,ADA to RUB,,04/23/2021,crypto,US,RUB,TRUE
ENJBRL,ENJ to BRL,,04/23/2021,crypto,US,BRL,TRUE
ENJEUR,ENJ to EUR,,04/23/2021,crypto,US,EUR,TRUE
MATICEUR,MATIC to EUR,,04/23/2021,crypto,US,EUR,TRUE
NEOTRY,NEO to TRY,,04/23/2021,crypto,US,TRY,TRUE
PERPBTC,PERP to BTC,,04/23/2021,crypto,US,BTC,TRUE
PERPBUSD,PERP to BUSD,,04/23/2021,crypto,US,BUSD,TRUE
PERPUSDT,PERP to USDT,,04/23/2021,crypto,US,USDT,TRUE
RAMPBTC,RAMP to BTC,,04/23/2021,crypto,US,BTC,TRUE
RAMPBUSD,RAMP to BUSD,,04/23/2021,crypto,US,BUSD,TRUE
RAMPUSDT,RAMP to USDT,,04/23/2021,crypto,US,USDT,TRUE
SUPERBTC,SUPER to BTC,,04/23/2021,crypto,US,BTC,TRUE
SUPERBUSD,SUPER to BUSD,,04/23/2021,crypto,US,BUSD,TRUE
SUPERUSDT,SUPER to USDT,,04/23/2021,crypto,US,USDT,TRUE
CFXBTC,CFX to BTC,,04/23/2021,crypto,US,BTC,TRUE
CFXBUSD,CFX to BUSD,,04/23/2021,crypto,US,BUSD,TRUE
CFXUSDT,CFX to USDT,,04/23/2021,crypto,US,USDT,TRUE
ENJGBP,ENJ to GBP,,04/23/2021,crypto,US,GBP,TRUE
EOSTRY,EOS to TRY,,04/23/2021,crypto,US,TRY,TRUE
LTCGBP,LTC to GBP,,04/23/2021,crypto,US,GBP,TRUE
LUNAEUR,LUNA to EUR,,04/23/2021,crypto,US,EUR,TRUE
RVNTRY,RVN to TRY,,04/23/2021,crypto,US,TRY,TRUE
THETAEUR,THETA to EUR,,04/23/2021,crypto,US,EUR,TRUE
XVGBUSD,XVG to BUSD,,04/23/2021,crypto,US,BUSD,TRUE
EPSBTC,EPS to BTC,,04/23/2021,crypto,US,BTC,TRUE
EPSBUSD,EPS to BUSD,,04/23/2021,crypto,US,BUSD,TRUE
EPSUSDT,EPS to USDT,,04/23/2021,crypto,US,USDT,TRUE
AUTOBTC,AUTO to BTC,,04/23/2021,crypto,US,BTC,TRUE
AUTOBUSD,AUTO to BUSD,,04/23/2021,crypto,US,BUSD,TRUE
AUTOUSDT,AUTO to USDT,,04/23/2021,crypto,US,USDT,TRUE
TKOBTC,TKO to BTC,,04/23/2021,crypto,US,BTC,TRUE
TKOBIDR,TKO to BIDR,,04/23/2021,crypto,US,BIDR,TRUE
TKOBUSD,TKO to BUSD,,04/23/2021,crypto,US,BUSD,TRUE
TKOUSDT,TKO to USDT,,04/23/2021,crypto,US,USDT,TRUE
PUNDIXETH,PUNDIX to ETH,,04/23/2021,crypto,US,ETH,TRUE
PUNDIXUSDT,PUNDIX to USDT,,04/23/2021,crypto,US,USDT,TRUE
BTTBRL,BTT to BRL,,04/23/2021,crypto,US,BRL,TRUE
BTTEUR,BTT to EUR,,04/23/2021,crypto,US,EUR,TRUE
HOTEUR,HOT to EUR,,04/23/2021,crypto,US,EUR,TRUE
WINEUR,WIN to EUR,,04/23/2021,crypto,US,EUR,TRUE
TLMBTC,TLM to BTC,,04/23/2021,crypto,US,BTC,TRUE
TLMBUSD,TLM to BUSD,,04/23/2021,crypto,US,BUSD,TRUE
TLMUSDT,TLM to USDT,,04/23/2021,crypto,US,USDT,TRUE
1INCHUPUSDT,1INCHUP to USDT,,04/23/2021,crypto,US,USDT,TRUE
1INCHDOWNUSDT,1INCHDOWN to USDT,,04/23/2021,crypto,US,USDT,TRUE
BTGBUSD,BTG to BUSD,,04/23/2021,crypto,US,BUSD,TRUE
BTGUSDT,BTG to USDT,,04/23/2021,crypto,US,USDT,TRUE
HOTBUSD,HOT to BUSD,,04/23/2021,crypto,US,BUSD,TRUE
BNBUAH,BNB to UAH,,04/23/2021,crypto,US,UAH,TRUE
ONTTRY,ONT to TRY,,04/23/2021,crypto,US,TRY,TRUE
VETEUR,VET to EUR,,04/23/2021,crypto,US,EUR,TRUE
VETGBP,VET to GBP,,04/23/2021,crypto,US,GBP,TRUE
WINBRL,WIN to BRL,,04/23/2021,crypto,US,BRL,TRUE
MIRBTC,MIR to BTC,,04/23/2021,crypto,US,BTC,TRUE
MIRBUSD,MIR to BUSD,,04/23/2021,crypto,US,BUSD,TRUE
MIRUSDT,MIR to USDT,,04/23/2021,crypto,US,USDT,TRUE
BARBTC,BAR to BTC,,04/23/2021,crypto,US,BTC,TRUE
BARBUSD,BAR to BUSD,,04/23/2021,crypto,US,BUSD,TRUE
BARUSDT,BAR to USDT,,04/23/2021,crypto,US,USDT,TRUE
